Date,Type,Macro_Score,Raw_PnL,Commission,Profit,Balance,Units,Contracts
2020-01-28 00:00:00,Buy,1,-100.0,1.36,-101.36,9898.64,271.73913043478103,0.27
2020-01-30 00:00:00,Sell,-1,272.21,0.83,271.38,10170.02,166.36371940080411,0.17
2020-01-30 16:00:00,Sell,-1,-101.7,0.76,-102.46,10067.56,152.93266348301353,0.15
2020-02-05 08:00:00,Buy,1,-100.68,0.94,-101.61,9965.94,187.82756039340936,0.19
2020-02-10 08:00:00,Sell,-1,274.06,1.53,272.53,10238.48,305.7037584942919,0.31
2020-02-11 00:00:00,Buy,1,281.56,2.25,279.31,10517.79,449.0560275268353,0.45
2020-02-12 20:00:00,Buy,1,-105.18,0.77,-105.95,10411.84,154.44625957023803,0.15
2020-02-14 00:00:00,Sell,-1,-104.12,2.53,-106.65,10305.19,505.42913313922037,0.51
2020-02-18 00:00:00,Sell,-1,283.39,3.65,279.74,10584.93,730.864864934457,0.73
2020-02-19 00:00:00,Buy,1,-105.85,4.07,-109.92,10475.01,814.225624817673,0.81
2020-02-19 08:00:00,Buy,1,-104.75,1.64,-106.39,10368.63,327.34414572746834,0.33
2020-02-20 08:00:00,Sell,-1,-103.69,1.67,-105.35,10263.27,333.3963284860955,0.33
2020-02-24 00:00:00,Sell,-1,282.24,2.77,279.47,10542.74,554.7714906008559,0.55
2020-02-28 00:00:00,Sell,-1,-105.43,0.54,-105.97,10436.77,108.35291587365012,0.11
2020-03-11 00:00:00,Buy,1,-104.37,2.15,-106.52,10330.25,429.49668982640435,0.43
2020-03-12 00:00:00,Buy,1,-103.3,0.81,-104.11,10226.14,161.41022474538684,0.16
2020-03-13 00:00:00,Buy,1,-102.26,1.53,-103.79,10122.36,305.25805339534224,0.31
2020-03-16 00:00:00,Sell,-1,278.36,0.66,277.71,10400.06,131.45918247518875,0.13
2020-03-16 20:00:00,Sell,-1,-104.0,0.4,-104.41,10295.66,80.8714197011542,0.08
2020-03-17 08:00:00,Buy,1,-102.96,0.77,-103.73,10191.93,154.5894830440573,0.15
2020-03-19 08:00:00,Buy,1,-101.92,0.29,-102.21,10089.72,58.912890333015476,0.06
2020-03-31 00:00:00,Buy,1,277.47,2.46,275.01,10364.72,492.18127623823347,0.49
2020-03-31 08:00:00,Buy,1,-103.65,0.84,-104.49,10260.23,168.25848134711038,0.17
2020-04-03 00:00:00,Sell,-1,-102.6,0.97,-103.57,10156.66,193.58931951066822,0.19
2020-04-07 00:00:00,Buy,1,-101.57,1.34,-102.9,10053.76,267.2806223191409,0.27
2020-04-08 00:00:00,Buy,0,-100.54,0.74,-101.28,9952.48,147.84942071373993,0.15
2020-04-13 00:00:00,Buy,0,-99.52,1.18,-100.71,9851.77,236.96389893679552,0.24
2020-04-16 00:00:00,Buy,1,-98.52,1.82,-100.34,9751.43,364.8805221591603,0.36
2020-04-17 00:00:00,Buy,1,-97.51,1.57,-99.09,9652.34,314.5623211194668,0.31
2020-04-17 16:00:00,Buy,1,-96.52,0.55,-97.08,9555.27,110.94649222472297,0.11
2020-04-21 16:00:00,Sell,-1,-95.55,0.22,-95.77,9459.49,43.83149836171687,0.04
2020-04-28 00:00:00,Sell,-1,260.14,1.69,258.45,9717.94,337.83910067621025,0.34
2020-04-29 00:00:00,Buy,1,267.24,1.64,265.61,9983.55,327.2034252845563,0.33
2020-04-30 00:00:00,Buy,1,274.55,2.5,272.05,10255.6,499.1774555712999,0.5
2020-04-30 12:00:00,Buy,1,-102.56,0.52,-103.08,10152.52,104.64898800726851,0.1
2020-05-04 00:00:00,Sell,-1,279.19,2.67,276.52,10429.04,534.3432406065938,0.53
2020-05-04 08:00:00,Sell,-1,-104.29,0.77,-105.06,10323.99,153.36829703733932,0.15
2020-05-06 08:00:00,Buy,1,-103.24,0.99,-104.23,10219.75,198.53820990516343,0.2
2020-05-08 00:00:00,Buy,1,281.04,1.49,279.55,10499.31,297.95202200782154,0.3
2020-05-08 16:00:00,Buy,1,-104.99,0.63,-105.63,10393.68,126.49768481345951,0.13
2020-05-12 20:00:00,Sell,0,-103.94,0.94,-104.88,10288.8,188.97604132177938,0.19
2020-05-14 00:00:00,Buy,0,-102.89,2.57,-105.46,10183.34,514.4400284882164,0.51
2020-05-14 16:00:00,Buy,0,280.04,0.66,279.38,10462.72,132.42315167651734,0.13
2020-05-18 20:00:00,Buy,1,-104.63,0.6,-105.23,10357.49,120.3995409456127,0.12
2020-05-19 08:00:00,Sell,-1,-103.57,0.7,-104.27,10253.22,139.02672361593707,0.14
2020-05-21 00:00:00,Buy,1,281.96,2.63,279.33,10532.56,525.8061982910415,0.53
2020-05-22 00:00:00,Buy,0,-105.33,4.05,-109.38,10423.18,810.1965699628641,0.81
2020-05-22 08:00:00,Sell,0,-104.23,0.48,-104.71,10318.46,96.60036026480488,0.1
2020-05-27 00:00:00,Sell,-1,283.76,1.69,282.07,10600.53,338.3102977719808,0.34
2020-05-27 20:00:00,Sell,-1,-106.01,0.55,-106.56,10493.97,110.42219055013317,0.11
2020-05-29 00:00:00,Sell,-1,-104.94,1.19,-106.13,10387.84,238.49938361208635,0.24
2020-06-01 00:00:00,Buy,1,-103.88,1.21,-105.09,10282.75,241.57768960987306,0.24
2020-06-01 08:00:00,Buy,1,-102.83,1.06,-103.89,10178.87,212.01555377823203,0.21
2020-06-02 00:00:00,Buy,1,-101.79,3.64,-105.42,10073.44,727.0619097780988,0.73
2020-06-03 16:00:00,Buy,1,277.02,0.5,276.52,10349.96,100.2332612932842,0.1
2020-06-08 08:00:00,Sell,-1,284.62,0.71,283.92,10633.88,141.00764672435983,0.14
2020-06-10 00:00:00,Sell,-1,-106.34,1.09,-107.42,10526.46,217.01796257647732,0.22
2020-06-11 00:00:00,Sell,-1,289.48,1.91,287.56,10814.02,382.78022817352206,0.38
2020-06-12 08:00:00,Buy,1,297.39,0.52,296.87,11110.89,103.4834442218892,0.1
2020-06-17 00:00:00,Sell,0,-111.11,1.21,-112.32,10998.57,241.5410446043253,0.24
2020-06-18 00:00:00,Sell,-1,302.46,4.58,297.88,11296.45,916.5476221715173,0.92
2020-06-29 00:00:00,Sell,-1,-112.96,2.76,-115.72,11180.73,551.0463143055513,0.55
2020-07-01 00:00:00,Buy,0,-111.81,1.31,-113.11,11067.62,261.2320027397063,0.26
2020-07-03 00:00:00,Buy,0,-110.68,6.15,-116.82,10950.79,1229.7351400080922,1.23
2020-07-06 12:00:00,Sell,-1,301.15,0.94,300.2,11250.99,188.80674865125016,0.19
2020-07-13 00:00:00,Sell,-1,309.4,2.96,306.44,11557.44,592.1575869540884,0.59
2020-07-15 00:00:00,Buy,1,-115.57,2.14,-117.71,11439.72,428.0531741991327,0.43
2020-07-17 20:00:00,Sell,-1,314.59,2.6,311.99,11751.71,519.9873218396368,0.52
2020-07-27 00:00:00,Buy,1,-117.52,3.92,-121.43,11630.28,783.4475649050563,0.78
2020-08-03 00:00:00,Sell,-1,319.83,6.25,313.58,11943.86,1250.5676452704313,1.25
2020-08-05 16:00:00,Sell,-1,328.46,1.15,327.31,12271.17,229.68959496282903,0.23
2020-08-25 00:00:00,Buy,1,337.46,7.67,329.79,12600.95,1533.8958263611635,1.53
2020-08-27 00:00:00,Buy,1,346.53,8.4,338.13,12939.08,1680.1272284743213,1.68
2020-09-01 00:00:00,Buy,2,355.82,4.52,351.3,13290.38,904.8307565235714,0.9
2020-09-02 00:00:00,Buy,1,-132.9,2.85,-135.76,13154.62,570.4025905368062,0.57
2020-09-03 00:00:00,Buy,1,-131.55,5.06,-136.61,13018.02,1011.894195612261,1.01
2020-09-07 08:00:00,Buy,0,-130.18,1.67,-131.85,12886.17,333.7953545269737,0.33
2020-09-09 00:00:00,Sell,-1,354.37,4.6,349.77,13235.94,920.4406901081278,0.92
2020-09-16 00:00:00,Buy,0,363.99,5.09,358.9,13594.83,1018.1490095195903,1.02
2020-09-18 00:00:00,Buy,0,-135.95,6.18,-142.13,13452.71,1235.8940590555153,1.24
2020-09-21 00:00:00,Buy,1,-134.53,3.02,-137.54,13315.16,603.2603960905504,0.6
2020-09-22 00:00:00,Buy,0,-133.15,4.59,-137.74,13177.42,918.2871353455366,0.92
2020-09-23 00:00:00,Buy,1,-131.77,5.99,-137.76,13039.66,1197.9473083826185,1.2
2020-09-23 08:00:00,Buy,1,-130.4,1.45,-131.85,12907.81,289.7701433721034,0.29
2020-09-30 00:00:00,Buy,1,-129.08,2.81,-131.88,12775.93,561.2091755004436,0.56
2020-10-05 00:00:00,Buy,1,351.34,4.12,347.22,13123.14,824.2533471140848,0.82
2020-10-06 00:00:00,Buy,0,-131.23,5.47,-136.7,12986.44,1093.59530022826,1.09
2020-10-06 20:00:00,Sell,0,-129.86,0.82,-130.68,12855.76,163.35149924793774,0.16
2020-10-09 00:00:00,Sell,0,353.53,9.18,344.35,13200.11,1836.5375701160963,1.84
2020-10-12 00:00:00,Sell,0,363.0,6.6,356.4,13556.52,1320.0113785209314,1.32
2020-10-12 08:00:00,Sell,0,372.8,2.51,370.29,13926.81,502.09321694111117,0.5
2020-10-14 00:00:00,Buy,0,-139.27,9.95,-149.22,13777.59,1989.544372129168,1.99
2020-10-15 00:00:00,Buy,1,-137.78,5.74,-143.52,13634.08,1148.1328980828353,1.15
2020-10-16 00:00:00,Buy,0,-136.34,6.82,-143.16,13490.92,1363.4078164733992,1.36
2020-10-16 20:00:00,Sell,0,-134.91,2.59,-137.5,13353.42,518.8815516924839,0.52
2020-10-20 00:00:00,Buy,1,-133.53,7.42,-140.95,13212.46,1483.7129703117182,1.48
2020-10-21 00:00:00,Buy,0,-132.12,2.06,-134.19,13078.27,412.8895000195731,0.41
2020-10-26 00:00:00,Sell,-1,359.65,6.54,353.11,13431.39,1307.8274913119806,1.31
2020-10-29 00:00:00,Buy,1,-134.31,7.9,-142.21,13289.17,1580.163333620482,1.58
2020-10-30 00:00:00,Buy,1,-132.89,2.4,-135.29,13153.88,479.7535608573408,0.48
2020-11-02 00:00:00,Sell,-1,361.73,3.29,358.44,13512.33,657.6941565793214,0.66
2020-11-05 00:00:00,Sell,-1,371.59,3.22,368.37,13880.7,643.4441165201093,0.64
2020-11-09 00:00:00,Buy,1,381.72,2.35,379.37,14260.06,470.5321424959447,0.47
2020-11-09 08:00:00,Buy,1,-142.6,2.3,-144.9,14115.16,460.00208850056,0.46
2020-11-13 08:00:00,Buy,0,-141.15,2.9,-144.06,13971.11,580.8709500263237,0.58
2020-11-19 16:00:00,Sell,-1,-139.71,1.64,-141.35,13829.76,327.1922269328635,0.33
2020-11-26 00:00:00,Buy,0,-138.3,2.05,-140.35,13689.41,410.378666112704,0.41
2020-11-26 16:00:00,Sell,0,-136.89,1.52,-138.42,13551.0,304.2091454263965,0.3
2020-11-30 00:00:00,Sell,-1,-135.51,1.37,-136.88,13414.12,273.757502687244,0.27
2020-12-04 00:00:00,Buy,1,-134.14,1.56,-135.7,13278.42,311.23242764907565,0.31
2020-12-10 00:00:00,Buy,0,365.16,2.48,362.68,13641.1,495.4634437768676,0.5
2020-12-16 04:00:00,Sell,-1,-136.41,4.01,-140.42,13500.68,802.4176196508596,0.8
2020-12-17 00:00:00,Buy,0,371.27,4.82,366.45,13867.12,964.3340321875568,0.96
2020-12-17 20:00:00,Buy,0,-138.67,1.95,-140.62,13726.5,390.6231938833028,0.39
2020-12-21 00:00:00,Sell,0,377.48,2.55,374.93,14101.43,510.27877446316813,0.51
2020-12-21 08:00:00,Sell,0,-141.01,1.28,-142.3,13959.13,256.38957022901855,0.26
2020-12-22 00:00:00,Sell,-1,383.88,2.79,381.08,14340.21,558.3652060447537,0.56
2020-12-28 04:00:00,Buy,0,-143.4,2.08,-145.48,14194.73,415.65838852882416,0.42
2021-01-06 00:00:00,Buy,1,390.36,3.26,387.1,14581.83,651.1345856999784,0.65
2021-01-08 00:00:00,Buy,1,401.0,3.78,397.22,14979.06,755.5354134434245,0.76
2021-01-18 00:00:00,Sell,0,-149.79,2.57,-152.36,14826.69,514.7442001056907,0.51
2021-01-18 16:00:00,Sell,0,-148.27,2.0,-150.27,14676.42,400.72140377957663,0.4
2021-01-21 04:00:00,Buy,1,-146.76,3.41,-150.18,14526.24,682.6242517873221,0.68
2021-01-22 00:00:00,Sell,-1,399.47,5.54,393.93,14920.17,1108.8735937430488,1.11
2021-01-22 08:00:00,Sell,-1,-149.2,2.03,-151.23,14768.94,405.43944082095373,0.41
2021-01-22 20:00:00,Sell,-1,-147.69,1.28,-148.97,14619.97,256.85117410061,0.26
2021-02-01 00:00:00,Buy,0,-146.2,3.31,-149.51,14470.46,661.5370511224603,0.66
2021-02-04 00:00:00,Buy,1,-144.7,2.74,-147.45,14323.02,548.1235400095749,0.55
2021-02-05 00:00:00,Buy,0,393.88,3.6,390.28,14713.3,719.7495589944716,0.72
2021-02-15 00:00:00,Buy,0,404.62,3.52,401.1,15114.4,703.9856661413825,0.7
2021-02-15 08:00:00,Sell,0,-151.14,1.89,-153.03,14961.36,377.8599063909807,0.38
2021-02-16 00:00:00,Buy,1,411.44,9.35,402.09,15363.45,1870.1703741938936,1.87
2021-02-17 20:00:00,Buy,1,-153.63,0.8,-154.43,15209.02,159.86940295528004,0.16
2021-02-22 00:00:00,Buy,1,418.25,3.03,415.22,15624.23,605.936883695116,0.61
2021-02-23 08:00:00,Buy,0,-156.24,1.56,-157.8,15466.43,312.4846806059957,0.31
2021-02-23 20:00:00,Buy,0,-154.66,0.97,-155.63,15310.8,193.57233124647848,0.19
2021-02-26 00:00:00,Sell,-1,421.05,2.29,418.76,15729.56,457.0387197692903,0.46
2021-03-05 00:00:00,Buy,0,-157.3,2.07,-159.37,15570.19,413.9357589279053,0.41
2021-03-16 00:00:00,Sell,-1,428.18,3.62,424.56,15994.75,724.1950498638955,0.72
2021-03-16 08:00:00,Sell,-1,-159.95,1.63,-161.58,15833.17,326.4235289807217,0.33
2021-03-22 00:00:00,Sell,-1,435.41,3.6,431.81,16264.99,719.6896942368309,0.72
2021-03-23 00:00:00,Sell,-1,447.29,5.46,441.83,16706.82,1091.6098717954494,1.09
2021-03-23 16:00:00,Sell,-1,-167.07,0.6,-167.66,16539.15,119.33440132401027,0.12
2021-03-25 00:00:00,Sell,0,454.83,2.95,451.87,16991.02,590.6839768393287,0.59
2021-03-26 00:00:00,Buy,1,467.25,3.69,463.56,17454.58,738.7401997297212,0.74
2021-03-29 00:00:00,Buy,1,-174.55,9.7,-184.24,17270.34,1939.3982299014547,1.94
2021-03-29 20:00:00,Buy,1,-172.7,1.17,-173.88,17096.46,234.65137550642675,0.23
2021-04-01 00:00:00,Buy,1,470.15,4.03,466.12,17562.59,806.4370079256203,0.81
2021-04-05 00:00:00,Buy,1,-175.63,7.98,-183.61,17378.98,1596.5986507821758,1.6
2021-04-08 00:00:00,Sell,-1,477.92,6.21,471.72,17850.69,1241.3554509831304,1.24
2021-04-09 00:00:00,Buy,1,-178.51,7.14,-185.65,17665.04,1428.0553108109993,1.43
2021-04-12 00:00:00,Buy,0,485.79,7.89,477.9,18142.95,1577.2360888153362,1.58
2021-04-14 00:00:00,Buy,0,498.93,5.34,493.59,18636.54,1067.2321605672314,1.07
2021-04-16 00:00:00,Buy,0,-186.37,13.31,-199.68,18436.86,2662.3630862724685,2.66
2021-04-16 20:00:00,Sell,0,-184.37,2.43,-186.79,18250.07,485.18064137985726,0.49
2021-04-21 20:00:00,Sell,-1,-182.5,0.85,-183.35,18066.72,169.76809140003485,0.17
2021-04-27 00:00:00,Buy,1,496.83,7.53,489.31,18556.03,1505.5600238992558,1.51
2021-04-28 00:00:00,Sell,-1,510.29,5.02,505.28,19061.3,1003.028502408584,1.0
2021-04-28 20:00:00,Sell,-1,-190.61,1.3,-191.91,18869.39,259.3374544577875,0.26
2021-04-29 08:00:00,Buy,1,518.91,3.04,515.86,19385.26,608.6901027854342,0.61
2021-04-30 00:00:00,Buy,1,-193.85,6.06,-199.91,19185.35,1211.5786280287296,1.21
2021-05-06 00:00:00,Buy,1,-191.85,7.38,-199.23,18986.12,1475.7959672950149,1.48
2021-05-10 20:00:00,Sell,-1,522.12,3.39,518.73,19504.84,678.075539973201,0.68
2021-05-12 00:00:00,Buy,1,-195.05,5.13,-200.18,19304.66,1026.5706793330517,1.03
2021-05-18 00:00:00,Buy,1,-193.05,9.46,-202.51,19102.15,1892.6138847903142,1.89
2021-05-20 00:00:00,Buy,1,-191.02,6.59,-197.61,18904.54,1317.3897889093348,1.32
2021-05-27 00:00:00,Buy,1,-189.05,8.59,-197.64,18706.91,1718.594860986399,1.72
2021-05-31 00:00:00,Buy,0,-187.07,11.41,-198.48,18508.43,2281.329885590038,2.28
2021-06-01 00:00:00,Buy,0,508.98,3.31,505.68,19014.11,661.0153343496594,0.66
2021-06-03 00:00:00,Buy,1,522.89,7.92,514.97,19529.07,1584.5088410472754,1.58
2021-06-04 00:00:00,Sell,-1,537.05,9.57,527.48,20056.55,1914.6148495990576,1.91
2021-06-04 20:00:00,Sell,-1,-200.57,2.39,-202.95,19853.59,477.53685373744815,0.48
2021-06-09 00:00:00,Buy,1,-198.54,3.42,-201.96,19651.64,684.6067135908296,0.68
2021-06-11 00:00:00,Buy,1,-196.52,5.71,-202.23,19449.41,1142.5369600944127,1.14
2021-06-14 16:00:00,Sell,0,-194.49,2.43,-196.93,19252.48,486.2351667922219,0.49
2021-06-18 00:00:00,Sell,-1,529.44,5.76,523.68,19776.16,1152.843199349547,1.15
2021-06-18 20:00:00,Sell,-1,-197.76,2.6,-200.36,19575.8,519.0593294604239,0.52
2021-06-24 00:00:00,Buy,1,-195.76,12.23,-207.99,19367.81,2446.9754439088574,2.45
2021-06-25 00:00:00,Buy,1,-193.68,7.81,-201.49,19166.32,1561.9202127853982,1.56
2021-06-25 08:00:00,Buy,1,-191.66,3.09,-194.75,18971.57,618.2684816480522,0.62
2021-06-28 00:00:00,Sell,-1,521.72,11.86,509.86,19481.43,2371.4460449212697,2.37
2021-06-28 08:00:00,Sell,-1,535.74,3.36,532.38,20013.81,671.7734227251158,0.67
2021-06-29 00:00:00,Buy,1,-200.14,9.1,-209.24,19804.57,1819.4372451397783,1.82
2021-07-01 00:00:00,Buy,2,-198.05,6.97,-205.02,19599.56,1394.6883389680954,1.39
2021-07-05 00:00:00,Sell,0,-196.0,4.17,-200.17,19399.39,834.0236267028992,0.83
2021-07-08 00:00:00,Buy,1,-193.99,2.08,-196.07,19203.32,415.40448730427056,0.42
2021-07-13 00:00:00,Buy,1,528.09,13.72,514.37,19717.69,2743.331234157106,2.74
2021-07-14 00:00:00,Sell,-1,-197.18,3.65,-200.83,19516.86,730.2849350187624,0.73
2021-07-15 00:00:00,Sell,-1,536.71,3.61,533.1,20049.96,722.8468477176452,0.72
2021-07-16 20:00:00,Sell,-1,551.37,1.28,550.1,20600.06,255.41355972698062,0.26
2021-07-20 00:00:00,Buy,1,-206.0,2.58,-208.58,20391.49,515.0015348207577,0.52
2021-07-21 04:00:00,Buy,1,560.77,1.73,559.03,20950.52,346.205191362097,0.35
2021-07-30 00:00:00,Sell,-1,-209.51,3.7,-213.21,20737.31,740.3010814126968,0.74
2021-08-02 08:00:00,Sell,-1,-207.37,2.36,-209.73,20527.58,471.3025884666514,0.47
2021-08-03 20:00:00,Sell,-1,-205.28,2.18,-207.46,20320.12,436.75711150350946,0.44
2021-08-06 00:00:00,Buy,1,-203.2,6.55,-209.76,20110.37,1310.9757814645536,1.31
2021-08-10 00:00:00,Buy,0,-201.1,7.18,-208.29,19902.08,1436.4548919761655,1.44
2021-08-10 12:00:00,Buy,0,-199.02,1.33,-200.35,19701.73,265.36110037773136,0.27
2021-08-17 00:00:00,Buy,1,-197.02,10.95,-207.96,19493.77,2189.0816552826573,2.19
2021-08-17 12:00:00,Buy,1,-194.94,1.77,-196.71,19297.06,354.43222073258914,0.35
2021-08-18 00:00:00,Buy,1,-192.97,2.84,-195.81,19101.25,567.5606546407653,0.57
2021-08-20 00:00:00,Buy,1,-191.01,2.08,-193.09,18908.17,415.2446485203349,0.42
2021-08-24 00:00:00,Buy,1,519.97,5.91,514.07,19422.23,1181.7603168983499,1.18
2021-08-24 08:00:00,Buy,1,534.11,2.43,531.68,19953.91,485.5557702055924,0.49
2021-08-30 00:00:00,Sell,0,548.73,13.3,535.43,20489.34,2660.521916880284,2.66
2021-08-31 00:00:00,Buy,1,-204.89,6.83,-211.72,20277.62,1365.9562941581564,1.37
2021-09-01 00:00:00,Buy,0,557.63,5.96,551.67,20829.29,1192.801246280969,1.19
2021-09-02 00:00:00,Buy,0,-208.29,8.01,-216.3,20612.99,1602.2532125524892,1.6
2021-09-02 20:00:00,Sell,0,-206.13,1.61,-207.74,20405.24,322.5819652501836,0.32
2021-09-06 00:00:00,Sell,0,561.14,6.0,555.14,20960.39,1200.3085172862193,1.2
2021-09-07 00:00:00,Buy,1,-209.6,4.11,-213.71,20746.67,821.9759797298502,0.82
2021-09-10 00:00:00,Buy,1,-207.47,6.69,-214.16,20532.51,1338.4950792503805,1.34
2021-09-13 20:00:00,Buy,1,-205.33,2.89,-208.22,20324.3,578.38069058312,0.58
2021-09-16 00:00:00,Buy,1,-203.24,5.21,-208.45,20115.84,1042.2716649790655,1.04
2021-09-17 00:00:00,Buy,1,-201.16,14.37,-215.53,19900.32,2873.6918762990194,2.87
2021-09-20 00:00:00,Sell,-1,547.26,7.11,540.15,20440.47,1421.4511602409093,1.42
2021-09-21 00:00:00,Buy,1,-204.4,2.49,-206.9,20233.57,498.547992299135,0.5
2021-09-21 20:00:00,Buy,1,556.42,1.58,554.84,20788.41,316.14953542906574,0.32
2021-09-24 00:00:00,Buy,1,-207.88,11.18,-219.06,20569.35,2235.313193778562,2.24
2021-09-24 08:00:00,Buy,1,-205.69,3.07,-208.76,20360.59,614.0105077357455,0.61
2021-09-27 00:00:00,Buy,0,559.92,12.73,547.19,20907.78,2545.07355456478,2.55
2021-09-28 00:00:00,Buy,1,-209.08,12.3,-221.38,20686.4,2459.738735382032,2.46
2021-10-01 00:00:00,Buy,1,-206.86,4.5,-211.36,20475.04,899.4088158506289,0.9
2021-10-04 00:00:00,Buy,1,-204.75,7.88,-212.63,20262.42,1575.0032071415874,1.58
2021-10-07 00:00:00,Buy,1,-202.62,5.33,-207.96,20054.46,1066.4429610461082,1.07
2021-10-11 00:00:00,Buy,0,551.5,8.02,543.48,20597.94,1604.3567905977459,1.6
2021-10-12 20:00:00,Sell,-1,-205.98,2.05,-208.03,20389.91,409.5017046776701,0.41
2021-10-15 12:00:00,Buy,1,-203.9,3.09,-206.99,20182.92,617.8760266457776,0.62
2021-10-18 08:00:00,Buy,1,-201.83,1.56,-203.39,19979.53,312.913494734641,0.31
2021-10-19 00:00:00,Buy,1,-199.8,7.14,-206.93,19772.6,1427.1090456290447,1.43
2021-10-28 08:00:00,Buy,1,-197.73,0.73,-198.46,19574.14,145.9232164368298,0.15
2021-11-11 00:00:00,Buy,0,-195.74,2.54,-198.28,19375.86,508.4192273463934,0.51
2021-11-15 00:00:00,Buy,1,-193.76,3.34,-197.1,19178.76,668.1329915231341,0.67
2021-11-17 00:00:00,Sell,0,527.42,3.2,524.22,19702.98,639.2919173890722,0.64
2021-11-17 16:00:00,Sell,0,541.83,1.47,540.36,20243.34,294.0742819989696,0.29
2021-11-19 00:00:00,Buy,1,-202.43,4.05,-206.48,20036.86,809.7335354841648,0.81
2021-11-22 00:00:00,Buy,1,-200.37,2.5,-202.87,19833.98,500.92140838890214,0.5
2021-11-25 00:00:00,Buy,0,-198.34,7.08,-205.42,19628.56,1416.7130832255768,1.42
2021-11-25 16:00:00,Buy,0,-196.29,1.78,-198.07,19430.49,356.8829048743736,0.36
2021-11-30 12:00:00,Sell,-1,-194.3,0.57,-194.87,19235.62,113.96181675005977,0.11
2021-12-06 08:00:00,Buy,1,-192.36,1.92,-194.28,19041.34,384.7123009848514,0.38
2021-12-09 00:00:00,Buy,1,-190.41,3.53,-193.94,18847.4,705.2346421201665,0.71
2021-12-10 08:00:00,Buy,1,518.3,2.03,516.28,19363.67,405.32034001424955,0.41
2021-12-13 20:00:00,Sell,-1,-193.64,1.08,-194.72,19168.95,216.35388372911052,0.22
2021-12-15 16:00:00,Buy,1,527.15,1.24,525.9,19694.86,248.9474558233663,0.25
2021-12-29 08:00:00,Buy,1,-196.95,2.63,-199.57,19495.28,525.1961493020257,0.53
2021-12-30 20:00:00,Sell,-1,-194.95,1.55,-196.5,19298.78,309.4489057474815,0.31
2022-01-03 04:00:00,Buy,1,-192.99,1.8,-194.79,19103.99,360.05188445786376,0.36
2022-01-04 00:00:00,Buy,1,-191.04,5.62,-196.66,18907.33,1123.7642904382149,1.12
2022-01-05 00:00:00,Buy,1,-189.07,3.32,-192.39,18714.94,663.4152346183643,0.66
2022-01-05 08:00:00,Buy,1,-187.15,2.31,-189.46,18525.48,462.0973770020686,0.46
2022-01-07 00:00:00,Buy,1,-185.25,2.32,-187.57,18337.91,463.13709610031793,0.46
2022-01-10 00:00:00,Buy,1,-183.38,2.61,-185.99,18151.92,522.4476729371053,0.52
2022-01-10 08:00:00,Buy,1,-181.52,1.71,-183.23,17968.69,342.48909336842837,0.34
2022-01-13 00:00:00,Buy,1,-179.69,2.88,-182.57,17786.12,575.91956037096,0.58
2022-01-17 08:00:00,Sell,0,-177.86,1.73,-179.59,17606.54,345.36162685314594,0.35
2022-01-25 04:00:00,Buy,0,-176.07,1.73,-177.79,17428.74,345.22619092104355,0.35
2022-01-26 04:00:00,Buy,1,479.29,2.36,476.94,17905.68,471.0471418553742,0.47
2022-01-28 00:00:00,Sell,-1,-179.06,1.12,-180.18,17725.5,224.66348155304516,0.22
2022-01-31 00:00:00,Buy,1,-177.25,1.85,-179.1,17546.4,369.2812368244155,0.37
2022-02-07 08:00:00,Sell,0,482.53,1.0,481.52,18027.92,200.53026248813998,0.2
2022-02-11 00:00:00,Sell,-1,-180.28,2.17,-182.45,17845.47,434.4077412171476,0.43
2022-02-14 00:00:00,Buy,1,-178.45,1.04,-179.49,17665.98,207.98916094639745,0.21
2022-02-15 00:00:00,Buy,1,-176.66,1.64,-178.3,17487.68,327.14769191303236,0.33
2022-02-16 00:00:00,Buy,0,-174.88,1.51,-176.38,17311.3,301.51172191743785,0.3
2022-02-18 00:00:00,Sell,-1,476.06,1.82,474.24,17785.53,364.44832660820737,0.36
2022-02-21 08:00:00,Buy,0,489.1,0.96,488.15,18273.68,191.24229998804773,0.19
2022-02-24 16:00:00,Sell,-1,502.53,0.33,502.2,18775.88,66.2089850348117,0.07
2022-03-02 00:00:00,Buy,1,516.34,0.44,515.9,19291.77,87.81980833066916,0.09
2022-03-09 00:00:00,Buy,1,-192.92,0.6,-193.52,19098.25,120.72448363664249,0.12
2022-03-10 00:00:00,Buy,1,-190.98,0.51,-191.49,18906.76,101.58644222269145,0.1
2022-03-15 16:00:00,Buy,1,-189.07,0.35,-189.41,18717.35,69.20483416645799,0.07
2022-03-22 16:00:00,Buy,1,-187.17,0.27,-187.44,18529.91,53.50871087239192,0.05
2022-03-29 00:00:00,Buy,1,509.57,1.52,508.05,19037.96,303.76895162256966,0.3
2022-04-04 00:00:00,Buy,1,-190.38,2.88,-193.26,18844.7,576.907867289866,0.58
2022-04-05 00:00:00,Buy,1,518.23,2.73,515.5,19360.19,546.2230575369111,0.55
2022-04-06 00:00:00,Buy,1,-193.6,0.86,-194.46,19165.73,172.09060884954522,0.17
2022-04-07 00:00:00,Buy,1,-191.66,2.08,-193.74,18971.99,416.64632842552413,0.42
2022-04-07 08:00:00,Buy,1,-189.72,0.48,-190.2,18781.79,95.96353345905891,0.1
2022-04-11 08:00:00,Buy,1,-187.82,0.84,-188.66,18593.13,168.44655463264766,0.17
2022-04-11 20:00:00,Buy,1,511.31,0.77,510.55,19103.68,153.15593657620747,0.15
2022-04-13 00:00:00,Buy,1,-191.04,1.87,-192.91,18910.77,374.5818826456502,0.37
2022-04-19 00:00:00,Buy,1,-189.11,1.07,-190.18,18720.58,214.89507210643112,0.21
2022-04-26 00:00:00,Buy,1,-187.21,1.44,-188.65,18531.94,288.0089877931061,0.29
2022-04-27 00:00:00,Buy,1,-185.32,0.99,-186.31,18345.63,197.14827999518312,0.2
2022-04-28 00:00:00,Sell,-1,504.5,3.53,500.98,18846.61,705.6012767289369,0.71
2022-04-29 00:00:00,Buy,1,-188.47,2.43,-190.89,18655.72,485.7373737481699,0.49
2022-05-02 00:00:00,Buy,1,-186.56,1.92,-188.48,18467.23,384.65392399064405,0.38
2022-05-03 00:00:00,Sell,-1,507.85,0.97,506.88,18974.11,194.3919462188499,0.19
2022-05-05 00:00:00,Buy,1,-189.74,1.61,-191.35,18782.76,321.5951167890905,0.32
2022-05-09 00:00:00,Buy,1,-187.83,2.47,-190.3,18592.46,494.28323147543324,0.49
2022-05-10 00:00:00,Buy,1,-185.92,1.69,-187.61,18404.85,338.0447954899816,0.34
2022-05-12 00:00:00,Buy,1,-184.05,1.37,-185.42,18219.43,274.699237170924,0.27
2022-05-12 12:00:00,Buy,1,501.03,0.56,500.48,18719.91,111.09406649610715,0.11
2022-05-17 00:00:00,Buy,1,-187.2,1.73,-188.93,18530.97,346.66491990605226,0.35
2022-05-17 08:00:00,Buy,1,-185.31,0.96,-186.26,18344.71,191.04096178946153,0.19
2022-05-19 00:00:00,Buy,1,-183.45,1.73,-185.18,18159.53,346.12657275156573,0.35
2022-05-24 00:00:00,Sell,-1,499.39,2.45,496.93,18656.46,490.7981253894976,0.49
2022-05-30 00:00:00,Buy,0,513.05,3.66,509.39,19165.86,731.6260290732597,0.73
2022-05-30 08:00:00,Buy,0,527.06,1.33,525.73,19691.59,266.1924772793065,0.27
2022-06-01 00:00:00,Buy,3,-196.92,1.94,-198.85,19492.73,387.6296950144938,0.39
2022-06-06 00:00:00,Buy,1,-194.93,4.64,-199.57,19293.17,928.2254511044517,0.93
2022-06-06 08:00:00,Buy,1,-192.93,1.23,-194.16,19099.01,245.772815301998,0.25
2022-06-06 20:00:00,Buy,1,-190.99,1.01,-192.0,18907.0,202.10587806474413,0.2
2022-06-08 00:00:00,Buy,1,-189.07,1.82,-190.89,18716.12,363.5962479414774,0.36
2022-06-09 00:00:00,Buy,1,-187.16,3.02,-190.18,18525.94,603.7457052512021,0.6
2022-06-10 08:00:00,Buy,1,-185.26,1.17,-186.43,18339.51,234.50553121054594,0.23
2022-06-14 00:00:00,Buy,1,-183.4,2.87,-186.26,18153.24,573.1095333850145,0.57
2022-06-14 12:00:00,Buy,1,-181.53,0.97,-182.5,17970.75,193.11962202096595,0.19
2022-06-15 08:00:00,Sell,-1,494.2,0.88,493.32,18464.07,175.3243553869375,0.18
2022-06-16 00:00:00,Buy,1,-184.64,1.51,-186.15,18277.91,302.6895956087041,0.3
2022-06-17 00:00:00,Buy,1,-182.78,1.9,-184.68,18093.23,380.7898173089882,0.38
2022-06-20 00:00:00,Buy,0,-180.93,1.37,-182.31,17910.92,274.9730724838402,0.27
2022-06-20 08:00:00,Sell,0,-179.11,0.62,-179.73,17731.19,124.98898131458498,0.12
2022-06-21 08:00:00,Buy,1,-177.31,0.71,-178.02,17553.16,142.41917162449394,0.14
2022-06-22 00:00:00,Sell,-1,482.71,1.96,480.75,18033.92,391.81167193569655,0.39
2022-06-27 00:00:00,Buy,1,-180.34,1.35,-181.68,17852.23,269.1629227490148,0.27
2022-06-28 00:00:00,Buy,1,490.94,3.08,487.86,18340.09,615.5941672871747,0.62
2022-06-29 08:00:00,Buy,1,-183.4,0.86,-184.26,18155.83,171.40270307386376,0.17
2022-06-30 08:00:00,Sell,-1,499.29,0.73,498.56,18654.39,145.24665058479314,0.15
2022-07-01 00:00:00,Buy,2,-186.54,2.72,-189.26,18465.13,543.859779919301,0.54
2022-07-04 00:00:00,Buy,0,-184.65,2.54,-187.19,18277.93,508.6811913999678,0.51
2022-07-06 00:00:00,Buy,1,502.64,4.62,498.03,18775.96,923.1279075446284,0.92
2022-07-07 00:00:00,Buy,1,-187.76,1.15,-188.91,18587.05,230.94661839489092,0.23
2022-07-07 08:00:00,Buy,1,511.14,0.58,510.57,19097.61,115.44748907861911,0.12
2022-07-12 00:00:00,Sell,-1,525.18,2.27,522.91,19620.52,454.70505385970915,0.45
2022-07-14 00:00:00,Buy,1,-196.21,1.13,-197.33,19423.19,225.52325372467155,0.23
2022-07-15 20:00:00,Sell,-1,-194.23,0.73,-194.96,19228.23,145.3831603820169,0.15
2022-07-18 12:00:00,Buy,1,-192.28,0.58,-192.86,19035.37,115.83271933111462,0.12
2022-07-25 00:00:00,Buy,1,-190.35,1.53,-191.88,18843.49,306.0348863549654,0.31
2022-07-26 00:00:00,Buy,0,-188.43,2.19,-190.63,18652.86,438.22060598916244,0.44
2022-07-26 08:00:00,Buy,0,-186.53,1.18,-187.7,18465.16,235.2189166951977,0.24
2022-07-28 00:00:00,Sell,-1,507.79,6.16,501.64,18966.79,1231.010359893702,1.23
2022-08-02 00:00:00,Buy,1,-189.67,1.94,-191.61,18775.18,388.6637729521094,0.39
2022-08-05 00:00:00,Buy,1,-187.75,1.31,-189.06,18586.12,261.49276991639886,0.26
2022-08-09 00:00:00,Buy,1,-185.86,2.66,-188.52,18397.61,531.0320459242364,0.53
2022-08-11 00:00:00,Buy,1,-183.98,4.0,-187.98,18209.63,799.8958796106822,0.8
2022-08-12 00:00:00,Sell,-1,-182.1,2.53,-184.63,18025.0,505.82304720378886,0.51
2022-08-15 00:00:00,Sell,-1,495.69,3.34,492.35,18517.35,667.5927513743427,0.67
2022-08-16 04:00:00,Buy,1,-185.17,1.08,-186.25,18331.1,215.3180690842508,0.22
2022-08-17 00:00:00,Buy,1,-183.31,1.24,-184.55,18146.55,247.71761907415478,0.25
2022-08-19 00:00:00,Buy,1,-181.47,3.63,-185.09,17961.46,725.8621674110973,0.73
2022-08-23 00:00:00,Buy,1,-179.61,3.74,-183.36,17778.1,748.3941388577886,0.75
2022-08-26 00:00:00,Buy,1,-177.78,1.68,-179.46,17598.64,335.4359012937246,0.34
2022-08-29 00:00:00,Buy,1,-175.99,3.52,-179.51,17419.14,703.9457824550119,0.7
2022-08-31 16:00:00,Buy,1,-174.19,0.36,-174.55,17244.58,72.42884984136907,0.07
2022-09-05 00:00:00,Buy,0,474.23,1.92,472.31,17716.89,383.21299686069915,0.38
2022-09-07 00:00:00,Sell,-1,487.21,2.05,485.17,18202.06,409.16616344948466,0.41
2022-09-12 00:00:00,Buy,1,-182.02,3.25,-185.27,18016.79,650.0737019883046,0.65
2022-09-15 00:00:00,Buy,1,-180.17,1.83,-182.0,17834.8,365.45218358227413,0.37
2022-09-15 08:00:00,Buy,1,-178.35,1.04,-179.39,17655.41,208.59412237639626,0.21
2022-09-16 00:00:00,Buy,1,-176.55,3.01,-179.57,17475.84,602.5736012948374,0.6
2022-09-19 00:00:00,Buy,1,480.59,4.85,475.73,17951.57,970.8799769307292,0.97
2022-09-20 00:00:00,Buy,1,-179.52,3.06,-182.58,17768.99,612.6815963634446,0.61
2022-09-21 12:00:00,Sell,-1,488.65,0.53,488.12,18257.11,105.76780748650042,0.11
2022-09-23 20:00:00,Buy,1,-182.57,0.88,-183.45,18073.66,176.3971989302624,0.18
2022-09-26 12:00:00,Buy,1,-180.74,0.74,-181.48,17892.18,148.7543786205335,0.15
2022-09-30 00:00:00,Buy,1,-178.92,2.43,-181.35,17710.82,486.2004527303821,0.49
2022-10-05 00:00:00,Buy,1,-177.11,1.67,-178.78,17532.04,334.1664885209311,0.33
2022-10-06 00:00:00,Buy,1,-175.32,3.81,-179.13,17352.91,762.2628182717559,0.76
2022-10-06 16:00:00,Buy,1,477.21,0.56,476.64,17829.55,112.6812536230958,0.11
2022-10-12 00:00:00,Buy,0,-178.3,3.57,-181.86,17647.69,713.1821904313009,0.71
2022-10-13 00:00:00,Buy,1,-176.48,1.88,-178.35,17469.34,375.4828362175017,0.38
2022-10-18 00:00:00,Buy,1,-174.69,2.75,-177.44,17291.9,549.3502816043818,0.55
2022-10-19 00:00:00,Buy,1,-172.92,1.4,-174.32,17117.58,279.80418792979214,0.28
2022-10-25 20:00:00,Sell,-1,-171.18,1.01,-172.18,16945.4,201.38330358800684,0.2
2022-10-27 20:00:00,Sell,-1,466.0,1.41,464.59,17409.98,282.42330134021273,0.28
2022-10-28 20:00:00,Buy,0,-174.1,0.93,-175.03,17234.96,185.21260011827064,0.19
2022-11-01 00:00:00,Buy,1,-172.35,4.92,-177.27,17057.68,984.8547716574955,0.98
2022-11-02 00:00:00,Buy,1,469.09,2.67,466.42,17524.11,533.0526451596222,0.53
2022-11-03 00:00:00,Buy,1,-175.24,2.74,-177.98,17346.13,547.6283034257057,0.55
2022-11-07 00:00:00,Sell,0,477.02,4.03,472.98,17819.11,806.7965819073759,0.81
2022-11-14 00:00:00,Buy,1,-178.19,2.39,-180.58,17638.53,477.7241556877168,0.48
2022-11-18 00:00:00,Buy,1,-176.39,2.13,-178.51,17460.02,425.0248500313695,0.43
2022-11-18 20:00:00,Buy,1,-174.6,0.55,-175.15,17284.87,109.46721529334755,0.11
2022-11-24 00:00:00,Buy,0,-172.85,1.4,-174.25,17110.63,279.6905063886619,0.28
2022-11-28 12:00:00,Buy,1,470.54,1.01,469.53,17580.16,202.49261667857334,0.2
2022-11-29 00:00:00,Buy,1,483.45,1.03,482.42,18062.58,206.09795854939014,0.21
2022-11-29 12:00:00,Buy,1,-180.63,0.76,-181.39,17881.19,152.4268325800617,0.15
2022-12-05 00:00:00,Buy,1,491.73,3.51,488.23,18369.42,701.2232050967214,0.7
2022-12-07 08:00:00,Sell,-1,505.16,1.7,503.46,18872.88,340.1744145651013,0.34
2022-12-08 00:00:00,Buy,1,-188.73,2.55,-191.28,18681.6,510.0777437857245,0.51
2022-12-09 00:00:00,Buy,1,-186.82,1.57,-188.39,18493.21,313.97642632188956,0.31
2022-12-12 00:00:00,Buy,1,-184.93,3.36,-188.29,18304.92,672.4804185585047,0.67
2022-12-16 00:00:00,Buy,1,-183.05,2.61,-185.66,18119.25,522.9976283760906,0.52
2022-12-19 00:00:00,Buy,1,498.28,2.88,495.4,18614.66,575.2143757171269,0.58
2022-12-20 00:00:00,Buy,1,-186.15,1.94,-188.09,18426.57,387.8053378369914,0.39
2022-12-23 00:00:00,Buy,1,-184.27,2.67,-186.94,18239.63,534.1034964441988,0.53
2022-12-28 00:00:00,Buy,1,-182.4,2.03,-184.42,18055.21,405.3252089682175,0.41
2022-12-29 00:00:00,Sell,-1,496.52,2.98,493.54,18548.75,595.8815654616817,0.6
2023-01-05 00:00:00,Buy,1,510.09,3.2,506.89,19055.64,639.6120806924836,0.64
2023-01-11 00:00:00,Sell,-1,-190.56,1.06,-191.62,18864.02,212.91221132995875,0.21
2023-01-17 00:00:00,Buy,1,518.76,4.39,514.37,19378.4,877.3963685504168,0.88
2023-01-20 00:00:00,Buy,1,-193.78,3.8,-197.58,19180.81,759.9370801920511,0.76
2023-01-26 00:00:00,Sell,-1,-191.81,2.38,-194.19,18986.62,475.9506675942122,0.48
2023-01-30 00:00:00,Buy,1,522.13,3.61,518.52,19505.15,721.9248681243054,0.72
2023-01-31 00:00:00,Buy,1,-195.05,3.48,-198.53,19306.61,696.6123774356705,0.7
2023-02-02 00:00:00,Buy,1,-193.07,1.55,-194.62,19112.0,309.89746453659683,0.31
2023-02-03 00:00:00,Buy,1,-191.12,3.3,-194.42,18917.58,659.0343597551825,0.66
2023-02-09 08:00:00,Buy,1,-189.18,2.66,-191.84,18725.74,532.8896139936188,0.53
2023-02-10 00:00:00,Buy,1,-187.26,3.37,-190.63,18535.12,673.5878070408213,0.67
2023-02-10 16:00:00,Buy,1,-185.35,0.76,-186.11,18349.01,151.5545027501446,0.15
2023-02-15 00:00:00,Sell,0,-183.49,1.99,-185.48,18163.52,398.8914512383856,0.4
2023-02-16 00:00:00,Buy,1,-181.64,3.52,-185.16,17978.37,704.012489617789,0.7
2023-02-20 00:00:00,Buy,0,-179.78,2.13,-181.91,17796.46,425.0204952096946,0.43
2023-02-21 00:00:00,Buy,1,-177.96,3.74,-181.7,17614.75,747.7503435050606,0.75
2023-02-24 00:00:00,Buy,1,-176.15,2.54,-178.69,17436.07,507.62982253453174,0.51
2023-02-28 20:00:00,Sell,-1,-174.36,1.36,-175.72,17260.35,272.43858038150785,0.27
2023-03-01 16:00:00,Buy,3,-172.6,0.61,-173.22,17087.13,122.41380326291124,0.12
2023-03-06 16:00:00,Buy,1,-170.87,0.82,-171.69,16915.44,163.51321271247272,0.16
2023-03-08 00:00:00,Buy,1,-169.15,2.11,-171.26,16744.18,421.83146770836635,0.42
2023-03-13 08:00:00,Sell,-1,460.46,1.95,458.52,17202.7,389.3994948654761,0.39
2023-03-14 00:00:00,Buy,1,-172.03,2.46,-174.48,17028.21,491.50560526912636,0.49
2023-03-14 08:00:00,Buy,1,-170.28,2.05,-172.33,16855.88,410.3183540855331,0.41
2023-03-16 00:00:00,Buy,1,-168.56,2.48,-171.04,16684.84,495.7611172304092,0.5
2023-03-16 08:00:00,Buy,1,-166.85,1.04,-167.89,16516.95,208.56050500486188,0.21
2023-03-20 00:00:00,Buy,1,454.22,4.35,449.87,16966.82,869.31311546626,0.87
2023-03-21 00:00:00,Buy,1,-169.67,4.12,-173.79,16793.03,823.6319772385784,0.82
2023-03-22 00:00:00,Sell,-1,-167.93,3.25,-171.18,16621.85,650.892728058753,0.65
2023-03-27 00:00:00,Buy,1,-166.22,6.16,-172.37,16449.47,1231.2479701063983,1.23
2023-03-29 00:00:00,Sell,0,-164.49,3.23,-167.72,16281.75,645.0773678675451,0.65
2023-04-10 00:00:00,Buy,0,447.75,6.78,440.96,16722.72,1356.812730414661,1.36
2023-04-11 00:00:00,Buy,0,-167.23,7.6,-174.83,16547.89,1520.246991123765,1.52
2023-04-12 00:00:00,Buy,0,-165.48,4.73,-170.21,16377.68,945.5936284789923,0.95
2023-04-13 00:00:00,Buy,1,-163.78,7.44,-171.22,16206.46,1488.8801495687242,1.49
2023-04-14 00:00:00,Buy,1,-162.06,5.59,-167.65,16038.81,1117.6869260728224,1.12
2023-04-17 00:00:00,Buy,1,-160.39,8.91,-169.3,15869.51,1782.089709905165,1.78
2023-04-18 00:00:00,Buy,1,-158.7,6.35,-165.04,15704.47,1269.5607093362871,1.27
2023-04-19 00:00:00,Buy,1,-157.04,4.7,-161.75,15542.72,940.387184101181,0.94
2023-04-24 00:00:00,Sell,-1,427.42,2.99,424.44,15967.16,597.7968991855773,0.6
2023-04-26 00:00:00,Buy,1,-159.67,4.7,-164.37,15802.79,939.2444221909442,0.94
2023-04-27 00:00:00,Buy,1,434.58,4.12,430.46,16233.25,823.0618439251143,0.82
2023-04-28 00:00:00,Buy,0,-162.33,7.06,-169.39,16063.86,1411.5868476290748,1.41
2023-05-03 20:00:00,Sell,-1,-160.64,0.88,-161.52,15902.34,176.5259156705517,0.18
2023-05-05 00:00:00,Buy,1,437.31,3.29,434.03,16336.37,657.1213683132768,0.66
2023-05-08 00:00:00,Buy,1,-163.36,5.2,-168.57,16167.8,1040.5328520352152,1.04
2023-05-15 00:00:00,Buy,1,-161.68,7.03,-168.71,15999.09,1405.8956047759596,1.41
2023-05-16 00:00:00,Buy,1,-159.99,2.74,-162.73,15836.36,547.9141089845759,0.55
2023-05-18 00:00:00,Buy,1,-158.36,4.23,-162.6,15673.76,846.8642509080368,0.85
2023-05-19 00:00:00,Buy,1,-156.74,7.46,-164.2,15509.56,1492.7393862674724,1.49
2023-05-25 00:00:00,Buy,1,-155.1,2.01,-157.11,15352.45,402.84577203421605,0.4
2023-05-26 00:00:00,Sell,-1,-153.52,3.49,-157.01,15195.44,697.8387441920119,0.7
2023-05-31 00:00:00,Sell,-1,417.87,2.29,415.59,15611.02,457.693935384978,0.46
2023-05-31 20:00:00,Sell,-1,-156.11,0.57,-156.68,15454.34,113.9490857526324,0.11
2023-06-02 00:00:00,Buy,1,-154.54,3.68,-158.22,15296.12,735.921178819101,0.74
2023-06-06 20:00:00,Sell,0,-152.96,1.47,-154.43,15141.69,294.15618657219727,0.29
2023-06-09 00:00:00,Buy,1,-151.42,4.45,-155.87,14985.82,890.6876296355294,0.89
2023-06-13 00:00:00,Buy,1,412.11,2.27,409.84,15395.66,454.11573844297004,0.45
2023-06-15 00:00:00,Sell,-1,-153.96,3.76,-157.71,15237.95,751.0077474420899,0.75
2023-06-16 00:00:00,Buy,1,-152.38,6.93,-159.31,15078.64,1385.2679268727231,1.39
2023-06-19 00:00:00,Sell,0,-150.79,2.15,-152.94,14925.7,430.8183252574217,0.43
2023-06-27 00:00:00,Buy,1,-149.26,5.74,-155.0,14770.7,1148.1308368109246,1.15
2023-06-29 00:00:00,Buy,1,406.19,6.59,399.6,15170.3,1318.8127871048512,1.32
2023-07-03 00:00:00,Buy,1,-151.7,2.74,-154.44,15015.86,547.6643859229729,0.55
2023-07-04 00:00:00,Buy,0,-150.16,10.73,-160.88,14854.98,2145.1231618906486,2.15
2023-07-06 00:00:00,Buy,1,-148.55,5.94,-154.49,14700.49,1188.3982316875451,1.19
2023-07-07 00:00:00,Buy,1,-147.0,7.74,-154.74,14545.74,1547.4195922079061,1.55
2023-07-17 16:00:00,Sell,-1,-145.46,0.79,-146.25,14399.5,158.10591485602546,0.16
2023-07-19 00:00:00,Sell,-1,-143.99,2.77,-146.76,14252.73,553.8267767504631,0.55
2023-07-25 00:00:00,Buy,1,-142.53,6.79,-149.31,14103.42,1357.4030571118892,1.36
2023-07-27 00:00:00,Buy,1,-141.03,7.84,-148.87,13954.55,1567.0464181547609,1.57
2023-07-27 08:00:00,Buy,1,-139.55,1.68,-141.23,13813.32,336.25417719677733,0.34
2023-07-28 00:00:00,Sell,-1,-138.13,3.95,-142.08,13671.24,789.3326628139455,0.79
2023-08-03 00:00:00,Buy,1,-136.71,5.26,-141.97,13529.27,1051.6339784567533,1.05
2023-08-07 20:00:00,Buy,1,-135.29,1.14,-136.43,13392.84,227.38270811505348,0.23
2023-08-09 04:00:00,Buy,0,-133.93,3.35,-137.28,13255.56,669.6420753988217,0.67
2023-08-10 00:00:00,Buy,1,-132.56,5.3,-137.86,13117.71,1060.445190601589,1.06
2023-08-11 00:00:00,Buy,1,-131.18,5.7,-136.88,12980.83,1140.6701745862817,1.14
2023-08-15 00:00:00,Buy,1,-129.81,4.81,-134.62,12846.21,961.5427101326532,0.96
2023-08-17 00:00:00,Buy,1,-128.46,3.38,-131.84,12714.37,676.1163477564676,0.68
2023-08-21 00:00:00,Buy,1,-127.14,5.53,-132.67,12581.7,1105.5972103965903,1.11
2023-08-21 08:00:00,Buy,1,-125.82,1.66,-127.47,12454.22,331.09726985033655,0.33
2023-08-25 00:00:00,Buy,1,342.49,6.23,336.26,12790.49,1245.42238054192,1.25
2023-08-29 00:00:00,Sell,-1,351.74,7.99,343.74,13134.23,1598.8109810208593,1.6
2023-09-01 00:00:00,Buy,1,361.19,4.86,356.33,13490.56,972.9060895619978,0.97
2023-09-06 00:00:00,Buy,1,370.99,6.75,364.25,13854.8,1349.055906438891,1.35
2023-09-08 00:00:00,Sell,-1,-138.55,2.16,-140.71,13714.09,432.9626299727165,0.43
2023-09-14 00:00:00,Buy,1,-137.14,5.96,-143.1,13570.99,1192.5296786421234,1.19
2023-09-19 00:00:00,Buy,1,-135.71,3.39,-139.1,13431.89,678.5493871474123,0.68
2023-09-20 00:00:00,Sell,0,369.38,3.84,365.54,13797.42,767.536292490482,0.77
2023-09-25 00:00:00,Buy,1,-137.97,5.52,-143.49,13653.93,1103.793942230544,1.1
2023-09-26 12:00:00,Buy,1,375.48,0.95,374.53,14028.46,190.96407084464005,0.19
2023-09-28 08:00:00,Sell,-1,385.78,2.3,383.48,14411.94,459.94948686346123,0.46
2023-09-29 00:00:00,Buy,1,-144.12,4.0,-148.12,14263.82,800.6634574449383,0.8
2023-10-02 00:00:00,Buy,1,-142.64,3.45,-146.08,14117.74,689.073405525673,0.69
2023-10-05 00:00:00,Buy,1,-141.18,2.52,-143.7,13974.04,504.20485472891056,0.5
2023-10-06 00:00:00,Buy,1,-139.74,3.11,-142.85,13831.19,621.0683355027629,0.62
2023-10-06 12:00:00,Buy,1,-138.31,0.93,-139.25,13691.95,186.9079977249497,0.19
2023-10-09 00:00:00,Buy,0,376.53,5.27,371.26,14063.21,1053.2265671801213,1.05
2023-10-09 20:00:00,Buy,0,-140.63,0.95,-141.58,13921.63,190.0433478144888,0.19
2023-10-11 20:00:00,Sell,-1,-139.22,0.61,-139.83,13781.8,122.65749290000345,0.12
2023-10-16 00:00:00,Buy,1,-137.82,5.51,-143.33,13638.47,1102.5436721795422,1.1
2023-10-17 20:00:00,Buy,1,375.06,0.55,374.51,14012.97,110.43291680049347,0.11
2023-10-23 00:00:00,Sell,-1,385.36,2.75,382.61,14395.58,549.5282687827482,0.55
2023-10-27 00:00:00,Sell,-1,395.88,3.0,392.88,14788.46,599.815829629205,0.6
2023-10-31 00:00:00,Buy,1,-147.88,3.89,-151.78,14636.68,778.3399620793056,0.78
2023-11-06 00:00:00,Buy,1,402.51,2.93,399.58,15036.26,585.4673194760903,0.59
2023-11-07 00:00:00,Sell,-1,413.5,2.27,411.23,15447.49,454.2678076267236,0.45
2023-11-08 08:00:00,Sell,-1,424.81,1.48,423.32,15870.81,296.49693599421806,0.3
2023-11-09 00:00:00,Buy,1,-158.71,3.23,-161.93,15708.88,645.1550351895905,0.65
2023-11-10 00:00:00,Buy,0,431.99,4.39,427.61,16136.49,877.5910587615506,0.88
2023-11-15 00:00:00,Buy,1,-161.36,5.98,-167.34,15969.14,1195.295273719599,1.2
2023-11-22 00:00:00,Buy,0,-159.69,5.22,-164.91,15804.23,1043.7349579669049,1.04
2023-11-22 08:00:00,Buy,0,-158.04,1.72,-159.76,15644.47,343.5703202942115,0.34
2023-11-23 00:00:00,Sell,0,430.22,2.78,427.44,16071.91,556.7428659999165,0.56
2023-11-23 08:00:00,Buy,0,-160.72,1.46,-162.18,15909.73,292.21661581761265,0.29
2023-12-01 08:00:00,Buy,1,-159.1,2.27,-161.37,15748.36,454.5638185197171,0.45
2023-12-04 00:00:00,Buy,1,-157.48,3.84,-161.32,15587.04,768.2128532982624,0.77
2023-12-08 00:00:00,Buy,1,-155.87,3.39,-159.26,15427.78,677.6973388444533,0.68
2023-12-11 00:00:00,Buy,1,-154.28,3.69,-157.97,15269.81,738.1712879805747,0.74
2023-12-11 16:00:00,Buy,1,-152.7,1.16,-153.86,15115.95,232.77151315802737,0.23
2023-12-12 00:00:00,Buy,0,-151.16,4.42,-155.58,14960.37,883.9736428636478,0.88
2023-12-13 00:00:00,Sell,-1,411.41,3.12,408.29,15368.66,623.3487471593858,0.62
2023-12-18 00:00:00,Buy,1,-153.69,1.87,-155.56,15213.1,374.84544783449894,0.37
2023-12-19 00:00:00,Buy,0,-152.13,3.98,-156.11,15056.99,796.4975131080007,0.8
2023-12-22 00:00:00,Buy,1,-150.57,2.39,-152.96,14904.03,477.9996504061571,0.48
2023-12-22 08:00:00,Buy,1,-149.04,1.54,-150.58,14753.45,307.2995690652348,0.31
2023-12-26 04:00:00,Buy,0,-147.53,1.87,-149.4,14604.05,373.5051217929634,0.37
2023-12-29 00:00:00,Buy,1,-146.04,4.17,-150.21,14453.84,834.5171578345013,0.83
2024-01-05 00:00:00,Buy,1,397.48,2.33,395.15,14848.99,466.25281205465797,0.47
2024-01-08 00:00:00,Sell,-1,408.35,2.95,405.4,15254.39,589.2454933297726,0.59
2024-01-10 00:00:00,Buy,1,-152.54,4.04,-156.58,15097.81,807.1104408107036,0.81
2024-01-15 00:00:00,Buy,0,-150.98,3.13,-154.11,14943.7,626.4650583320991,0.63
2024-01-16 08:00:00,Buy,1,-149.44,1.8,-151.24,14792.46,360.08909642060337,0.36
2024-01-22 00:00:00,Sell,-1,-147.92,2.73,-150.65,14641.81,545.847235459707,0.55
2024-01-23 00:00:00,Buy,1,-146.42,3.1,-149.52,14492.29,620.4155188123287,0.62
2024-01-25 00:00:00,Sell,-1,-144.92,2.01,-146.94,14345.35,402.56350288715197,0.4
2024-01-26 00:00:00,Sell,0,394.5,2.19,392.31,14737.66,437.3582446763265,0.44
2024-01-29 08:00:00,Sell,-1,405.29,1.87,403.42,15141.08,373.1053359711,0.37
2024-01-30 00:00:00,Buy,1,-151.41,4.21,-155.62,14985.46,841.1711619653597,0.84
2024-02-01 08:00:00,Buy,1,-149.85,1.35,-151.2,14834.26,270.0083648723111,0.27
2024-02-02 00:00:00,Buy,1,-148.34,1.95,-150.29,14683.97,390.3752517390825,0.39
2024-02-05 00:00:00,Buy,1,-146.84,1.65,-148.49,14535.47,330.7199345532836,0.33
2024-02-07 00:00:00,Buy,1,-145.35,4.25,-149.6,14385.87,850.0275931900842,0.85
2024-02-07 20:00:00,Buy,1,395.61,1.36,394.25,14780.12,271.43145258772637,0.27
2024-02-12 20:00:00,Buy,1,406.45,1.37,405.08,15185.21,273.70594763024855,0.27
2024-02-19 00:00:00,Sell,0,417.59,3.78,413.82,15599.02,755.4828843047458,0.76
2024-02-19 08:00:00,Buy,0,-155.99,3.9,-159.89,15439.13,779.951086220184,0.78
2024-02-21 00:00:00,Buy,1,-154.39,3.66,-158.05,15281.08,731.7124052952072,0.73
2024-02-23 00:00:00,Sell,-1,420.23,3.08,417.15,15698.23,616.1726561364803,0.62
2024-02-28 04:00:00,Sell,-1,431.7,4.36,427.34,16125.57,872.1239311327118,0.87
2024-03-05 00:00:00,Sell,-1,443.45,6.66,436.79,16562.36,1332.6918584004218,1.33
2024-03-06 00:00:00,Buy,0,-165.62,7.14,-172.76,16389.6,1427.7897623478643,1.43
2024-03-08 00:00:00,Buy,0,-163.9,1.61,-165.51,16224.09,321.99604483283053,0.32
2024-03-12 00:00:00,Buy,1,-162.24,10.82,-173.06,16051.04,2163.212361992853,2.16
2024-03-13 00:00:00,Buy,1,-160.51,2.26,-162.77,15888.26,452.14185143626474,0.45
2024-03-14 00:00:00,Buy,1,436.93,4.81,432.11,16320.38,962.9251308769647,0.96
2024-03-15 00:00:00,Buy,0,-163.2,8.59,-171.79,16148.58,1717.9344538896596,1.72
2024-03-18 00:00:00,Buy,1,444.09,7.69,436.4,16584.98,1537.9603682442075,1.54
2024-03-19 00:00:00,Sell,-1,-165.85,4.88,-170.73,16414.25,975.5870659442178,0.98
2024-03-22 00:00:00,Sell,-1,-164.14,2.93,-167.07,16247.18,586.2232994468712,0.59
2024-03-25 00:00:00,Buy,1,446.8,7.39,439.41,16686.59,1477.0162494699418,1.48
2024-03-25 08:00:00,Buy,1,-166.87,2.74,-169.6,16516.99,547.10134683236,0.55
2024-03-26 00:00:00,Sell,0,454.22,7.18,447.04,16964.03,1436.2599705103726,1.44
2024-04-01 00:00:00,Buy,1,-169.64,5.85,-175.49,16788.54,1169.9327983924375,1.17
2024-04-02 00:00:00,Buy,1,461.68,5.18,456.5,17245.04,1036.3293615390032,1.04
2024-04-03 04:00:00,Sell,0,-172.45,2.54,-174.99,17070.05,507.2070217849634,0.51
2024-04-05 00:00:00,Buy,1,-170.7,2.5,-173.2,16896.86,499.1243367886894,0.5
2024-04-10 00:00:00,Buy,1,-168.97,5.45,-174.42,16722.44,1090.1197531166013,1.09
2024-04-11 00:00:00,Buy,1,-167.22,4.92,-172.14,16550.29,983.6727654593303,0.98
2024-04-11 20:00:00,Buy,1,455.13,1.29,453.84,17004.13,258.5983481070841,0.26
2024-04-15 00:00:00,Buy,1,-170.04,3.95,-174.0,16830.14,790.8899711526075,0.79
2024-04-16 00:00:00,Buy,1,462.83,8.42,454.41,17284.55,1683.0138586126322,1.68
2024-04-18 00:00:00,Buy,1,-172.85,4.94,-177.78,17106.77,987.6887044544044,0.99
