Ticket,OpenTime,Type,Lots,OpenPrice,ClosePrice,Commission,Swap,Profit,Comment,Balance
3,2020.01.06 11:32,Sell Close,6.03,0,107.928,0.0,0.0,-1000.08,sl 107.928,98999.92
5,2020.01.07 17:30,Sell Close,5.74,0,108.537,0.0,-0.53,1967.33,tp 108.537,100966.72
7,2020.01.07 23:40,Sell Close,6.37,0,108.368,0.0,0.0,-1011.04,sl 108.368,99955.68000000001
9,2020.01.09 11:47,Sell Close,2.35,0,109.384,0.0,-0.65,1976.52,tp 109.384,101931.55
11,2020.01.14 09:29,Sell Close,11.26,0,110.014,0.0,0.0,-1013.27,sl 110.014,100918.28
13,2020.01.14 19:57,Buy Close,6.68,0,110.111,0.0,0.0,-1007.06,sl 110.111,99911.22
15,2020.01.15 17:12,Buy Close,11.58,0,109.959,0.0,0.0,-1000.46,sl 109.959,98910.76
17,2020.01.16 10:31,Sell Close,25.29,0,110.04,0.0,0.0,1976.5,tp 110.040,100887.26
19,2020.01.17 11:02,Sell Close,20.18,0,110.173,0.0,0.0,-1025.73,sl 110.174,99861.53
21,2020.01.21 02:39,Buy Close,26.83,0,110.208,0.0,-14.61,-1022.48,sl 110.207,98824.44
23,2020.01.23 01:31,Buy Close,15.33,0,109.791,0.0,-25.12,1982.73,tp 109.791,100782.05
25,2020.01.24 16:47,Sell Close,10.05,0,109.442,0.0,0.0,-1019.31,sl 109.443,99762.74
27,2020.01.27 00:03,Buy Close,5.87,0,109.014,0.0,-3.22,2304.62,tp 109.070,102064.14
29,2020.01.28 10:38,Sell Close,10.9,0,108.945,0.0,0.0,-1020.51,sl 108.945,101043.63
31,2020.01.30 14:56,Sell Close,3.4,0,108.772,0.0,-1.25,-1009.63,sl 108.772,100032.75
33,2020.01.31 16:25,Buy Close,10.88,0,108.821,0.0,0.0,1999.61,tp 108.821,102032.36
35,2020.02.03 10:23,Sell Close,10.67,0,108.47,0.0,0.0,-1032.87,sl 108.471,100999.49
37,2020.02.05 10:33,Buy Close,12.44,0,109.491,0.0,0.0,-1011.19,sl 109.490,99988.3
39,2020.02.07 08:23,Buy Close,17.1,0,109.935,0.0,0.0,-995.5,sl 109.935,98992.8
41,2020.02.13 01:48,Sell Close,8.84,0,109.917,0.0,-2.41,-989.22,sl 109.917,98001.17
43,2020.02.19 03:46,Buy Close,6.8100000000000005,0,109.978,0.0,-14.88,-978.36,sl 109.978,97007.93
45,2020.02.24 16:16,Buy Close,5.3,0,111.028,0.0,0.0,1918.98,tp 111.028,98926.90999999999
47,2020.02.25 11:12,Buy Close,6.1,0,110.415,0.0,0.0,1988.86,tp 110.415,100915.76999999999
49,2020.02.28 05:23,Buy Close,2.5,0,109.121,0.0,-1.37,2034.44,tp 109.121,102948.84
51,2020.03.05 12:59,Buy Close,2.52,0,106.798,0.0,-5.63,2102.4,tp 106.799,105045.61
53,2020.03.10 01:41,Buy Close,1.12,0,102.799,0.0,-0.66,-1081.88,sl 102.799,103963.07
55,2020.03.10 17:19,Sell Close,0.96,0,103.716,0.0,0.0,-1022.79,sl 103.716,102940.28000000001
57,2020.03.12 16:19,Buy Close,1.13,0,105.375,0.0,-1.95,-1011.24,sl 105.374,101927.09000000001
59,2020.03.18 15:41,Sell Close,1.8199999999999998,0,107.924,0.0,-0.17,1983.17,tp 107.924,103910.09000000001
61,2020.03.26 11:04,Buy Close,3.59,0,109.916,0.0,0.0,2041.33,tp 109.917,105951.42000000001
63,2020.03.30 02:59,Buy Close,2.21,0,107.366,0.0,-1.23,2175.71,tp 107.371,108125.90000000001
65,2020.03.31 14:41,Buy Close,2.22,0,108.703,0.0,0.0,-1068.1,sl 108.702,107057.8
67,2020.04.02 17:31,Buy Close,3.11,0,107.668,0.0,-5.22,-1083.19,sl 107.667,105969.39
69,2020.04.07 05:18,Sell Close,3.77,0,108.748,0.0,-0.35,-1046.95,sl 108.748,104922.09
71,2020.04.08 00:02,Sell Close,4.38,0,108.691,0.0,-0.4,-1148.49,sl 108.716,103773.2
73,2020.04.08 16:36,Sell Close,6.92,0,108.779,0.0,0.0,-1036.93,sl 108.779,102736.27
75,2020.04.14 18:30,Buy Close,5.53,0,107.144,0.0,0.0,2116.12,tp 107.150,104852.39
77,2020.04.15 10:45,Buy Close,5.7,0,107.203,0.0,0.0,-1058.09,sl 107.201,103794.3
79,2020.04.23 10:49,Sell Close,9.51,0,107.704,0.0,0.0,-1033.08,sl 107.704,102761.22
81,2020.04.24 14:16,Sell Close,6.96,0,107.567,0.0,0.0,-1028.79,sl 107.567,101732.43000000001
83,2020.05.01 13:01,Buy Close,6.75,0,106.755,0.0,0.0,2054.94,tp 106.756,103787.37000000001
85,2020.05.05 18:47,Sell Close,7.48,0,106.51,0.0,0.0,-1053.42,sl 106.512,102733.95000000001
87,2020.05.06 10:32,Sell Close,7.01,0,106.238,0.0,0.0,-1029.35,sl 106.238,101704.6
89,2020.05.13 15:39,Buy Close,7.82,0,106.85,0.0,0.0,2019.95,tp 106.850,103724.55
91,2020.05.14 13:13,Buy Close,10.26,0,106.949,0.0,0.0,-1045.68,sl 106.948,102678.87000000001
93,2020.05.18 15:15,Buy Close,5.66,0,107.376,0.0,-3.17,-1022.61,sl 107.376,101653.09000000001
95,2020.05.19 14:26,Sell Close,7.52,0,107.741,0.0,0.0,2031.09,tp 107.740,103684.18000000001
97,2020.05.26 04:34,Buy Close,5.64,0,107.906,0.0,-18.86,-1040.13,sl 107.905,102625.19
99,2020.05.27 15:57,Sell Close,7.58,0,107.898,0.0,0.0,2065.4,tp 107.896,104690.59
101,2020.05.28 12:12,Sell Close,9.57,0,107.756,0.0,0.0,-1047.98,sl 107.756,103642.61
103,2020.05.29 16:52,Sell Close,6.53,0,107.597,0.0,0.0,2087.72,tp 107.595,105730.33
105,2020.06.11 11:42,Sell Close,4.84,0,106.894,0.0,0.0,-1068.57,sl 106.895,104661.76
107,2020.06.12 07:02,Buy Close,3.33,0,107.136,0.0,-1.87,-1041.25,sl 107.136,103618.64
109,2020.06.16 17:17,Buy Close,3.88,0,107.564,0.0,0.0,-1031.65,sl 107.564,102586.99
111,2020.06.17 11:01,Buy Close,6.13,0,107.37,0.0,0.0,-1027.66,sl 107.370,101559.33
113,2020.06.17 21:42,Buy Close,10.69,0,107.127,0.0,0.0,2055.63,tp 107.129,103614.96
115,2020.06.23 05:23,Buy Close,5.78,0,107.056,0.0,-6.48,-1036.62,sl 107.056,102571.86
117,2020.06.23 15:45,Buy Close,6.0,0,106.666,0.0,0.0,2058.76,tp 106.666,104630.62
119,2020.06.24 17:06,Sell Close,6.52,0,106.934,0.0,0.0,2091.35,tp 106.933,106721.97
121,2020.06.26 08:41,Sell Close,6.3,0,107.044,0.0,-0.59,-1077.03,sl 107.046,105644.35
123,2020.06.29 16:51,Sell Close,6.38,0,107.581,0.0,0.0,2111.23,tp 107.579,107755.58
125,2020.07.09 16:53,Buy Close,5.82,0,107.106,0.0,-9.77,2178.98,tp 107.109,109924.79000000001
127,2020.07.20 03:52,Buy Close,7.09,0,107.361,0.0,-3.9699999999999998,-1102.85,sl 107.360,108817.97
129,2020.07.21 17:16,Buy Close,7.21,0,106.938,0.0,-4.03,2184.48,tp 106.938,110998.42
131,2020.07.23 18:36,Sell Close,6.05,0,106.87,0.0,-1.69,-1109.57,sl 106.870,109887.16
133,2020.07.31 04:15,Buy Close,2.15,0,104.474,0.0,-7.37,2241.08,tp 104.475,112120.87000000001
135,2020.08.03 15:40,Buy Close,2.52,0,106.236,0.0,0.0,-1098.27,sl 106.236,111022.6
137,2020.08.06 10:51,Buy Close,9.43,0,105.607,0.0,0.0,-1125.1,sl 105.606,109897.5
139,2020.08.07 13:28,Buy Close,3.85,0,105.691,0.0,-2.19,-1100.09,sl 105.690,108795.22
141,2020.08.11 15:45,Sell Close,5.55,0,105.971,0.0,0.0,-1089.35,sl 105.972,107705.87
143,2020.08.14 17:51,Sell Close,3.64,0,106.438,0.0,-1.3599999999999999,-1070.41,sl 106.438,106634.09999999999
145,2020.08.26 18:32,Buy Close,7.72,0,106.08,0.0,0.0,2139.59,tp 106.080,108773.68999999999
147,2020.08.27 16:20,Buy Close,6.17,0,105.609,0.0,0.0,2185.02,tp 105.609,110958.70999999999
149,2020.09.03 13:24,Sell Close,3.32,0,106.4,0.0,-1.56,2196.69,tp 106.400,113153.84
151,2020.09.08 12:01,Buy Close,17.97,0,106.314,0.0,0.0,-1183.19,sl 106.311,111970.65
153,2020.09.09 11:04,Buy Close,11.12,0,105.985,0.0,0.0,-1122.65,sl 105.985,110848.0
155,2020.09.14 16:46,Buy Close,8.63,0,105.639,0.0,0.0,2222.06,tp 105.639,113070.06
157,2020.09.17 09:42,Sell Close,5.85,0,104.873,0.0,0.0,-1137.95,sl 104.873,111932.11
159,2020.09.21 16:33,Buy Close,4.03,0,104.574,0.0,0.0,-1133.0,sl 104.571,110799.11
161,2020.09.29 11:35,Sell Close,2.03,0,105.715,0.0,-1.53,2191.01,tp 105.714,112988.59
163,2020.09.29 17:58,Buy Close,8.98,0,105.682,0.0,0.0,-1130.13,sl 105.682,111858.45999999999
165,2020.10.07 10:35,Sell Close,4.25,0,105.898,0.0,-1.2,2231.39,tp 105.898,114088.65
167,2020.10.09 17:00,Buy Close,10.59,0,105.711,0.0,-5.99,2294.09,tp 105.712,116376.75
169,2020.10.13 16:37,Buy Close,6.72,0,105.615,0.0,-3.83,-1164.38,sl 105.615,115208.54
171,2020.10.16 15:36,Buy Close,9.35,0,105.34,0.0,0.0,-1153.88,sl 105.340,114054.65999999999
173,2020.10.19 11:46,Sell Close,12.64,0,105.351,0.0,0.0,-1139.81,sl 105.351,112914.84999999999
175,2020.10.20 13:49,Buy Close,12.79,0,105.603,0.0,0.0,-1138.47,sl 105.602,111776.37999999999
177,2020.11.04 04:37,Sell Close,4.2,0,105.008,0.0,-1.2,2251.83,tp 105.007,114027.01
179,2020.11.04 14:18,Buy Close,4.64,0,104.317,0.0,0.0,2295.16,tp 104.317,116322.17
181,2020.11.05 11:18,Sell Close,8.98,0,104.233,0.0,0.0,-1163.07,sl 104.233,115159.09999999999
183,2020.11.06 16:39,Buy Close,4.96,0,103.601,0.0,0.0,-1163.39,sl 103.600,113995.70999999999
185,2020.11.13 02:01,Sell Close,5.57,0,105.059,0.0,-2.11,-1129.28,sl 105.060,112864.31999999999
187,2020.11.17 09:57,Sell Close,13.78,0,104.464,0.0,0.0,-1160.82,sl 104.466,111703.49999999999
189,2020.11.23 01:06,Buy Close,12.41,0,103.862,0.0,-7.17,-1135.11,sl 103.861,110561.21999999999
191,2020.11.23 12:20,Sell Close,28.0,0,103.728,0.0,0.0,-1106.74,sl 103.728,109454.47999999998
193,2020.11.26 19:13,Sell Close,15.55,0,104.228,0.0,0.0,-1089.1,sl 104.228,108365.37999999998
195,2020.11.30 08:59,Buy Close,11.52,0,103.944,0.0,0.0,-1097.21,sl 103.943,107268.16999999997
197,2020.12.03 16:17,Sell Close,3.91,0,103.908,0.0,-1.8599999999999999,-1072.44,sl 103.908,106193.86999999997
199,2020.12.08 11:57,Sell Close,17.24,0,104.019,0.0,0.0,-1060.73,sl 104.019,105133.13999999997
201,2020.12.09 11:55,Sell Close,18.85,0,104.114,0.0,0.0,-1050.1,sl 104.114,104083.03999999996
203,2020.12.11 17:14,Sell Close,8.81,0,103.936,0.0,0.0,-1051.07,sl 103.937,103031.96999999996
205,2020.12.14 12:00,Buy Close,10.29,0,103.744,0.0,0.0,2073.0,tp 103.745,105104.96999999996
207,2020.12.30 07:08,Sell Close,4.54,0,103.266,0.0,-3.95,-1055.14,sl 103.266,104045.87999999996
209,2020.12.31 17:48,Buy Close,8.26,0,103.208,0.0,0.0,-1048.43,sl 103.207,102997.44999999997
211,2021.01.05 18:36,Sell Close,3.09,0,102.714,0.0,-0.6,-1031.87,sl 102.714,101964.97999999997
213,2021.01.07 12:27,Sell Close,4.91,0,103.59,0.0,0.0,2019.17,tp 103.590,103984.14999999997
215,2021.01.08 15:30,Sell Close,7.63,0,103.774,0.0,0.0,-1036.7,sl 103.774,102947.44999999997
217,2021.01.14 15:00,Buy Close,7.91,0,104.095,0.0,0.0,-1033.44,sl 104.094,101914.00999999997
219,2021.01.15 16:49,Buy Close,12.05,0,103.822,0.0,0.0,-1021.36,sl 103.822,100892.64999999997
221,2021.01.19 03:57,Buy Close,11.02,0,103.813,0.0,-6.38,-1008.45,sl 103.813,99877.81999999996
223,2021.01.21 15:54,Buy Close,5.4,0,103.557,0.0,0.0,-1006.4,sl 103.556,98871.41999999997
225,2021.01.22 15:10,Sell Close,10.66,0,103.786,0.0,0.0,1972.06,tp 103.786,100843.47999999997
227,2021.01.29 11:26,Sell Close,10.16,0,104.745,0.0,0.0,1998.15,tp 104.745,102841.62999999996
229,2021.02.01 12:30,Sell Close,11.7,0,104.918,0.0,0.0,2063.04,tp 104.917,104904.66999999995
231,2021.02.04 05:26,Buy Close,10.68,0,105.102,0.0,-18.3,-1056.8,sl 105.101,103829.56999999995
233,2021.02.05 12:42,Buy Close,12.83,0,105.583,0.0,0.0,-1045.04,sl 105.582,102784.52999999996
235,2021.02.08 16:10,Sell Close,11.3,0,105.427,0.0,0.0,-1071.83,sl 105.431,101712.69999999995
237,2021.02.10 11:49,Buy Close,6.49,0,104.725,0.0,-3.7199999999999998,-1022.54,sl 104.725,100686.43999999996
239,2021.02.12 10:42,Sell Close,8.86,0,104.995,0.0,-0.85,2016.8,tp 104.994,102702.38999999996
241,2021.02.15 11:46,Sell Close,8.55,0,105.356,0.0,0.0,2045.07,tp 105.356,104747.45999999996
243,2021.02.18 10:21,Sell Close,7.5,0,105.765,0.0,0.0,-1042.41,sl 105.765,103705.04999999996
245,2021.02.23 11:27,Sell Close,8.43,0,105.318,0.0,0.0,2081.13,tp 105.318,105786.17999999996
247,2021.02.26 19:32,Sell Close,3.93,0,106.694,0.0,-0.37,2084.82,tp 106.694,107870.62999999996
249,2021.03.02 16:52,Sell Close,6.77,0,106.726,0.0,0.0,-1078.37,sl 106.726,106792.25999999997
251,2021.03.12 09:20,Buy Close,3.37,0,108.971,0.0,-9.32,-1045.29,sl 108.971,105737.64999999997
253,2021.03.12 18:48,Sell Close,5.07,0,108.906,0.0,0.0,-1056.77,sl 108.906,104680.87999999996
255,2021.03.15 18:27,Sell Close,5.4,0,109.029,0.0,0.0,-1045.04,sl 109.029,103635.83999999997
257,2021.03.16 12:56,Sell Close,9.74,0,109.117,0.0,0.0,-1035.44,sl 109.117,102600.39999999997
259,2021.03.24 15:25,Buy Close,5.86,0,108.889,0.0,-6.47,-1027.89,sl 108.889,101566.03999999996
261,2021.03.26 10:05,Sell Close,8.31,0,109.422,0.0,-0.76,2020.12,tp 109.422,103585.39999999997
263,2021.03.30 04:26,Sell Close,4.55,0,109.922,0.0,-0.82,2065.51,tp 109.921,105650.08999999997
265,2021.04.08 14:30,Buy Close,5.45,0,109.299,0.0,-8.93,2124.17,tp 109.299,107765.32999999997
267,2021.04.09 13:01,Sell Close,7.22,0,109.702,0.0,0.0,2145.56,tp 109.702,109910.88999999997
269,2021.04.14 23:12,Sell Close,7.13,0,108.887,0.0,0.0,-1106.62,sl 108.887,108804.26999999997
271,2021.04.21 03:17,Buy Close,5.92,0,107.918,0.0,-3.29,2199.74,tp 107.919,111000.71999999997
273,2021.04.22 09:49,Sell Close,5.09,0,107.879,0.0,-1.41,-1113.51,sl 107.880,109885.79999999997
275,2021.04.29 03:07,Buy Close,6.97,0,108.487,0.0,-11.55,2216.53,tp 108.492,112090.77999999997
277,2021.04.30 18:38,Sell Close,6.14,0,109.332,0.0,0.0,2229.52,tp 109.331,114320.29999999997
279,2021.05.11 11:00,Buy Close,8.11,0,108.961,0.0,0.0,-1146.23,sl 108.961,113174.06999999998
281,2021.05.18 11:05,Buy Close,6.88,0,108.908,0.0,-3.7800000000000002,2261.58,tp 108.908,115431.86999999998
283,2021.05.25 10:04,Buy Close,9.04,0,108.61,0.0,-14.96,2313.89,tp 108.610,117730.79999999997
285,2021.05.28 11:35,Sell Close,9.26,0,109.814,0.0,0.0,-1163.68,sl 109.814,116567.11999999998
287,2021.05.31 17:56,Buy Close,14.88,0,109.471,0.0,0.0,2337.93,tp 109.471,118905.04999999997
289,2021.06.08 15:26,Sell Close,13.7,0,109.336,0.0,0.0,-1215.43,sl 109.338,117689.61999999998
291,2021.06.11 10:29,Buy Close,17.87,0,109.442,0.0,0.0,-1175.64,sl 109.442,116513.97999999998
293,2021.06.16 15:13,Buy Close,14.49,0,109.871,0.0,0.0,2347.5,tp 109.873,118861.47999999998
295,2021.06.17 09:09,Buy Close,8.76,0,110.754,0.0,0.0,-1178.5,sl 110.754,117682.97999999998
297,2021.06.22 15:53,Sell Close,4.7,0,110.624,0.0,-0.43,2357.99,tp 110.623,120040.53999999998
299,2021.06.24 15:03,Buy Close,12.64,0,110.735,0.0,0.0,2419.9,tp 110.737,122460.43999999997
301,2021.06.25 15:30,Buy Close,10.59,0,110.545,0.0,0.0,2500.33,tp 110.550,124960.76999999997
303,2021.07.05 12:35,Buy Close,12.91,0,110.836,0.0,0.0,2492.64,tp 110.836,127453.40999999997
305,2021.07.14 17:01,Sell Close,6.57,0,110.053,0.0,-1.19,-1289.49,sl 110.054,126162.72999999998
307,2021.07.19 10:35,Sell Close,12.17,0,109.849,0.0,0.0,-1285.15,sl 109.851,124877.57999999999
309,2021.07.27 10:28,Sell Close,7.29,0,110.086,0.0,-1.32,-1244.95,sl 110.086,123631.30999999998
311,2021.08.02 12:54,Sell Close,10.23,0,109.609,0.0,0.0,-1259.98,sl 109.611,122371.32999999999
313,2021.08.09 16:32,Buy Close,17.88,0,110.037,0.0,0.0,2437.36,tp 110.037,124808.68999999999
315,2021.08.10 11:23,Sell Close,24.52,0,110.475,0.0,0.0,2485.85,tp 110.475,127294.54
317,2021.08.13 10:05,Buy Close,24.67,0,110.254,0.0,0.0,2550.82,tp 110.254,129845.36
319,2021.08.18 19:12,Sell Close,10.29,0,109.952,0.0,0.0,2601.7,tp 109.952,132447.06
321,2021.08.23 12:27,Sell Close,17.13,0,110.06,0.0,0.0,2645.92,tp 110.060,135092.98
323,2021.08.26 18:04,Sell Close,6.54,0,109.971,0.0,0.0,-1349.97,sl 109.971,133743.01
325,2021.09.03 00:00,Sell Close,14.41,0,109.921,0.0,-1.31,-1402.71,sl 109.926,132338.99000000002
327,2021.09.03 15:30,Buy Close,11.45,0,109.672,0.0,0.0,2651.82,tp 109.672,134990.81000000003
329,2021.09.08 09:03,Sell Close,25.52,0,110.433,0.0,0.0,2749.98,tp 110.430,137740.79000000004
331,2021.09.09 05:01,Sell Close,8.84,0,110.146,0.0,-2.41,-1388.45,sl 110.147,136349.93000000005
333,2021.09.09 10:05,Buy Close,19.01,0,110.035,0.0,0.0,2729.66,tp 110.035,139079.59000000005
335,2021.09.14 13:47,Buy Close,12.34,0,110.138,0.0,-6.73,-1389.31,sl 110.138,137683.55000000005
337,2021.09.20 13:39,Buy Close,9.47,0,109.534,0.0,0.0,2775.28,tp 109.535,140458.83000000005
339,2021.10.06 08:57,Sell Close,5.06,0,111.778,0.0,-0.45,2761.37,tp 111.776,143219.75000000006
341,2021.10.21 07:11,Buy Close,7.96,0,114.031,0.0,-12.54,2841.09,tp 114.036,146048.30000000005
343,2021.10.29 14:38,Buy Close,6.85,0,113.87,0.0,-3.62,-1479.85,sl 113.867,144564.83000000005
345,2021.11.09 16:59,Sell Close,6.25,0,112.741,0.0,0.0,-1469.08,sl 112.743,143095.75000000006
347,2021.11.12 16:14,Buy Close,13.11,0,113.912,0.0,0.0,2854.2,tp 113.914,145949.95000000007
349,2021.11.15 22:06,Sell Close,14.84,0,114.106,0.0,0.0,2913.22,tp 114.106,148863.17000000007
351,2021.11.16 19:35,Sell Close,9.54,0,114.65,0.0,0.0,2970.59,tp 114.649,151833.76000000007
353,2021.11.17 12:21,Sell Close,10.67,0,114.775,0.0,0.0,-1515.32,sl 114.775,150318.44000000006
355,2021.11.19 11:40,Sell Close,6.25,0,113.978,0.0,-0.55,-1513.45,sl 113.978,148804.44000000006
357,2021.11.26 02:24,Sell Close,5.09,0,114.712,0.0,-2.2,-1477.59,sl 114.712,147324.65000000005
359,2021.11.30 10:38,Buy Close,4.03,0,112.951,0.0,-4.26,2989.92,tp 112.951,150310.31000000006
361,2021.11.30 17:36,Buy Close,3.96,0,113.123,0.0,0.0,-1508.76,sl 113.120,148801.55000000005
363,2021.12.01 10:00,Sell Close,8.25,0,113.32,0.0,0.0,-1557.98,sl 113.330,147243.57000000004
365,2021.12.06 11:02,Sell Close,13.78,0,113.316,0.0,0.0,2942.89,tp 113.316,150186.46000000005
367,2021.12.07 06:28,Sell Close,8.59,0,113.666,0.0,-0.76,3007.78,tp 113.664,153193.48000000004
369,2021.12.08 10:34,Buy Close,14.04,0,113.552,0.0,0.0,-1533.18,sl 113.552,151660.30000000005
371,2021.12.14 15:35,Sell Close,9.41,0,113.467,0.0,0.0,-1517.65,sl 113.467,150142.65000000005
373,2021.12.15 12:23,Buy Close,18.12,0,113.776,0.0,0.0,-1512.97,sl 113.775,148629.68000000005
375,2021.12.16 16:04,Sell Close,12.81,0,114.037,0.0,0.0,-1482.78,sl 114.037,147146.90000000005
377,2021.12.16 16:55,Buy Close,10.42,0,113.71,0.0,0.0,2996.52,tp 113.715,150143.42000000004
379,2021.12.17 20:34,Buy Close,7.86,0,113.701,0.0,0.0,-1500.09,sl 113.701,148643.33000000005
381,2021.12.23 15:00,Sell Close,14.2,0,114.392,0.0,-3.73,2954.4,tp 114.392,151594.00000000006
383,2021.12.27 00:04,Buy Close,20.64,0,114.436,0.0,-10.83,-1875.77,sl 114.416,149707.40000000005
385,2021.12.29 08:51,Buy Close,14.39,0,114.923,0.0,-7.52,-1490.05,sl 114.923,148209.83000000005
387,2021.12.31 17:59,Buy Close,22.71,0,115.153,0.0,0.0,-1479.12,sl 115.153,146730.71000000005
389,2022.01.06 21:47,Buy Close,8.49,0,115.893,0.0,0.0,-1457.82,sl 115.893,145272.89000000004
391,2022.01.07 10:36,Sell Close,15.44,0,115.831,0.0,0.0,-1452.94,sl 115.831,143819.95000000004
393,2022.01.17 10:01,Sell Close,14.74,0,114.385,0.0,0.0,-1469.04,sl 114.386,142350.91000000003
395,2022.01.19 03:16,Buy Close,7.23,0,114.754,0.0,-3.79,-1423.9,sl 114.753,140923.22000000003
397,2022.01.19 17:15,Sell Close,5.13,0,114.228,0.0,0.0,-1414.67,sl 114.228,139508.55000000002
399,2022.01.24 11:11,Buy Close,4.78,0,113.518,0.0,-5.03,2808.59,tp 113.519,142312.11000000002
401,2022.02.11 20:37,Buy Close,8.2,0,115.577,0.0,0.0,2802.46,tp 115.578,145114.57
403,2022.02.14 16:01,Buy Close,7.65,0,115.551,0.0,0.0,-1449.88,sl 115.551,143664.69
405,2022.02.16 10:27,Buy Close,21.84,0,115.725,0.0,0.0,-1434.3,sl 115.725,142230.39
407,2022.02.18 10:38,Buy Close,14.96,0,115.231,0.0,0.0,-1428.09,sl 115.231,140802.30000000002
409,2022.02.22 01:18,Buy Close,9.77,0,114.552,0.0,-5.11,2831.59,tp 114.552,143628.78000000003
411,2022.02.22 14:01,Sell Close,9.09,0,115.114,0.0,0.0,2866.44,tp 115.113,146495.22000000003
413,2022.02.23 10:57,Buy Close,16.53,0,115.097,0.0,0.0,-1479.27,sl 115.096,145015.95000000004
415,2022.02.25 16:59,Buy Close,3.87,0,115.625,0.0,0.0,-1442.57,sl 115.625,143573.38000000003
417,2022.02.28 15:32,Sell Close,9.54,0,115.455,0.0,0.0,-1446.02,sl 115.456,142127.36000000004
419,2022.03.02 10:02,Buy Close,8.04,0,115.22,0.0,-4.2,-1423.5,sl 115.220,140699.66000000003
421,2022.03.04 13:11,Sell Close,8.81,0,115.311,0.0,0.0,-1451.64,sl 115.317,139248.02000000002
423,2022.03.07 14:07,Sell Close,14.46,0,115.196,0.0,0.0,2799.21,tp 115.195,142047.23
425,2022.03.09 02:16,Sell Close,10.42,0,115.823,0.0,-0.9,2833.89,tp 115.822,144880.22
427,2022.03.09 13:01,Buy Close,11.49,0,115.9,0.0,0.0,-1447.4,sl 115.900,143432.82
429,2022.03.11 07:10,Sell Close,6.8100000000000005,0,116.578,0.0,-0.59,2856.53,tp 116.577,146288.76
431,2022.03.15 09:15,Buy Close,10.52,0,117.907,0.0,0.0,2890.82,tp 117.907,149179.58000000002
433,2022.03.16 20:00,Sell Close,5.58,0,118.738,0.0,-0.47,2965.34,tp 118.737,152144.45
435,2022.03.18 08:48,Buy Close,7.0,0,118.853,0.0,-3.54,-1519.52,sl 118.853,150621.39
437,2022.03.21 13:21,Sell Close,11.25,0,119.134,0.0,0.0,-1501.46,sl 119.134,149119.93000000002
439,2022.03.24 01:39,Buy Close,7.22,0,121.173,0.0,-10.73,-1465.77,sl 121.173,147643.43000000002
441,2022.03.29 15:13,Sell Close,3.64,0,123.294,0.0,0.0,-1449.58,sl 123.294,146193.85000000003
443,2022.03.31 09:59,Sell Close,3.81,0,121.57,0.0,-0.94,-1482.38,sl 121.570,144710.53000000003
445,2022.04.01 03:54,Buy Close,2.77,0,122.178,0.0,-1.37,-1437.39,sl 122.178,143271.77000000002
447,2022.04.05 10:00,Buy Close,10.41,0,122.634,0.0,0.0,-1426.1,sl 122.634,141845.67
449,2022.04.08 01:41,Buy Close,5.91,0,124.027,0.0,-11.45,-1410.47,sl 124.025,140423.75
451,2022.04.18 18:03,Buy Close,7.07,0,126.695,0.0,0.0,-1389.5,sl 126.692,139034.25
453,2022.04.20 17:18,Buy Close,4.42,0,127.553,0.0,0.0,2758.32,tp 127.553,141792.57
455,2022.04.27 01:04,Buy Close,3.55,0,126.969,0.0,-3.33,2854.67,tp 126.972,144643.91
457,2022.05.03 15:00,Sell Close,6.63,0,129.895,0.0,0.0,-1413.84,sl 129.895,143230.07
459,2022.05.04 10:04,Sell Close,17.88,0,130.075,0.0,0.0,-1429.58,sl 130.075,141800.49000000002
461,2022.05.10 03:17,Sell Close,3.57,0,130.092,0.0,-0.54,-1418.76,sl 130.093,140381.19000000003
463,2022.05.12 10:02,Buy Close,7.6,0,129.184,0.0,0.0,2829.76,tp 129.185,143210.95000000004
465,2022.05.18 16:06,Sell Close,2.7199999999999998,0,128.797,0.0,-0.42,-1431.83,sl 128.797,141778.70000000004
467,2022.05.20 19:45,Sell Close,3.87,0,127.642,0.0,0.0,-1428.03,sl 127.642,140350.67000000004
469,2022.05.27 18:04,Buy Close,5.61,0,127.145,0.0,0.0,-1407.52,sl 127.145,138943.15000000005
471,2022.06.03 13:26,Buy Close,6.95,0,130.145,0.0,-3.21,-1356.41,sl 130.145,137583.53000000006
473,2022.06.08 03:55,Buy Close,5.2,0,132.898,0.0,-2.35,-1349.91,sl 132.897,136231.27000000005
475,2022.06.15 21:38,Sell Close,3.5,0,134.1,0.0,-0.26,-1349.37,sl 134.101,134881.64000000004
477,2022.06.16 11:24,Sell Close,2.88,0,133.677,0.0,0.0,-1352.99,sl 133.677,133528.65000000005
479,2022.06.21 15:01,Sell Close,2.15,0,136.272,0.0,-0.32,2620.6,tp 136.271,136148.93000000005
481,2022.06.28 12:30,Buy Close,3.24,0,135.877,0.0,-4.32,-1363.94,sl 135.877,134780.67000000004
483,2022.06.30 10:11,Buy Close,9.29,0,136.097,0.0,0.0,2696.28,tp 136.098,137476.95000000004
485,2022.07.01 06:46,Buy Close,3.96,0,135.019,0.0,-1.75,2798.01,tp 135.029,140273.21000000005
487,2022.07.04 17:54,Buy Close,2.9699999999999998,0,135.67,0.0,-1.32,-1392.29,sl 135.670,138879.60000000006
489,2022.07.11 04:25,Sell Close,4.04,0,136.839,0.0,-0.3,2751.61,tp 136.839,141630.91000000006
491,2022.07.12 14:19,Sell Close,4.28,0,136.709,0.0,-0.31,-1415.09,sl 136.709,140215.51000000007
493,2022.07.14 03:53,Sell Close,5.84,0,137.918,0.0,-1.28,2777.77,tp 137.918,142992.00000000006
495,2022.07.15 10:09,Sell Close,3.13,0,138.601,0.0,-0.23,-1422.72,sl 138.601,141569.05000000005
497,2022.07.20 19:37,Buy Close,9.08,0,138.257,0.0,0.0,-1425.14,sl 138.256,140143.91000000003
499,2022.07.27 03:58,Sell Close,7.14,0,137.026,0.0,-1.04,2824.19,tp 137.026,142967.06000000003
501,2022.07.29 06:05,Buy Close,3.5300000000000002,0,134.138,0.0,-1.58,2918.46,tp 134.139,145883.94000000003
503,2022.08.02 03:35,Buy Close,3.42,0,130.951,0.0,-1.56,2987.74,tp 130.951,148870.12000000002
505,2022.08.02 18:40,Sell Close,4.3,0,131.997,0.0,0.0,2954.69,tp 131.996,151824.81000000003
507,2022.08.05 02:21,Sell Close,2.79,0,132.702,0.0,-0.84,-1507.46,sl 132.702,150316.51000000004
509,2022.08.08 10:34,Sell Close,5.51,0,135.059,0.0,0.0,-1476.85,sl 135.059,148839.66000000003
511,2022.08.10 15:29,Buy Close,10.15,0,135.099,0.0,0.0,-1495.09,sl 135.098,147344.57000000004
513,2022.08.11 09:58,Sell Close,3.56,0,132.603,0.0,0.0,-1500.75,sl 132.603,145843.82000000004
515,2022.08.15 15:15,Sell Close,5.18,0,132.991,0.0,0.0,-1468.42,sl 132.995,144375.40000000002
517,2022.08.18 15:01,Sell Close,4.91,0,134.761,0.0,0.0,-1424.6,sl 134.761,142950.80000000002
519,2022.08.19 14:08,Sell Close,6.85,0,136.913,0.0,0.0,2811.79,tp 136.913,145762.59000000003
521,2022.08.23 16:48,Sell Close,3.94,0,136.745,0.0,-0.29,-1460.81,sl 136.746,144301.49000000002
523,2022.08.24 14:34,Buy Close,4.19,0,136.85,0.0,0.0,-1439.02,sl 136.850,142862.47000000003
525,2022.09.06 08:57,Sell Close,6.28,0,141.051,0.0,-0.45,2769.32,tp 141.051,145631.34000000003
527,2022.09.07 22:57,Sell Close,4.02,0,143.757,0.0,0.0,-1428.95,sl 143.758,144202.39
529,2022.09.08 16:14,Buy Close,3.25,0,144.333,0.0,0.0,-1434.36,sl 144.333,142768.03000000003
531,2022.09.16 22:40,Sell Close,3.19,0,142.858,0.0,0.0,-1440.28,sl 142.858,141327.75000000003
533,2022.09.22 11:04,Sell Close,2.23,0,143.946,0.0,0.0,-1415.96,sl 143.955,139911.79000000004
535,2022.09.27 15:53,Buy Close,6.21,0,144.64,0.0,0.0,-1425.41,sl 144.632,138486.38000000003
537,2022.09.28 14:37,Buy Close,6.08,0,144.831,0.0,0.0,-1414.72,sl 144.823,137071.66000000003
539,2022.09.30 11:55,Buy Close,10.23,0,144.209,0.0,-4.25,2766.61,tp 144.211,139834.02000000002
541,2022.10.03 17:00,Sell Close,5.02,0,144.739,0.0,0.0,-1390.79,sl 144.739,138443.23
543,2022.10.06 19:13,Sell Close,8.17,0,145.047,0.0,-1.69,2760.0,tp 145.047,141201.54
545,2022.10.07 10:42,Sell Close,11.77,0,144.902,0.0,0.0,-1413.36,sl 144.902,139788.18000000002
547,2022.10.10 11:27,Buy Close,11.0,0,145.516,0.0,0.0,-1390.91,sl 145.516,138397.27000000002
549,2022.10.11 19:37,Sell Close,7.19,0,145.499,0.0,0.0,-1388.59,sl 145.500,137008.68000000002
551,2022.10.12 16:10,Sell Close,7.43,0,146.863,0.0,0.0,2731.93,tp 146.859,139740.61000000002
553,2022.10.13 10:17,Sell Close,15.31,0,146.75,0.0,0.0,-1408.42,sl 146.751,138332.19
555,2022.10.17 16:40,Sell Close,9.1,0,148.579,0.0,0.0,-1371.93,sl 148.580,136960.26
557,2022.10.21 13:30,Sell Close,5.32,0,151.124,0.0,0.0,2696.54,tp 151.122,139656.80000000002
559,2022.10.24 14:48,Sell Close,4.0,0,148.522,0.0,0.0,-1422.01,sl 148.523,138234.79
561,2022.10.25 16:17,Buy Close,12.59,0,148.52,0.0,0.0,2763.49,tp 148.520,140998.28
563,2022.10.31 10:14,Buy Close,5.17,0,148.189,0.0,0.0,-1426.91,sl 148.185,139571.37
565,2022.11.02 20:01,Buy Close,4.35,0,146.285,0.0,0.0,2824.96,tp 146.285,142396.33
567,2022.11.03 09:55,Sell Close,7.03,0,148.022,0.0,0.0,2821.08,tp 148.020,145217.40999999997
569,2022.11.11 12:38,Buy Close,1.88,0,139.044,0.0,0.0,3085.47,tp 139.044,148302.87999999998
571,2022.11.15 15:30,Sell Close,2.61,0,138.896,0.0,-0.19,-1486.37,sl 138.899,146816.31999999998
573,2022.11.18 17:00,Buy Close,5.46,0,140.079,0.0,0.0,-1453.88,sl 140.079,145362.43999999997
575,2022.11.28 04:30,Sell Close,4.67,0,138.372,0.0,-0.34,-1471.48,sl 138.372,143890.61999999997
577,2022.11.30 10:37,Buy Close,4.2,0,138.847,0.0,0.0,-1433.81,sl 138.847,142456.80999999997
579,2022.12.02 10:29,Buy Close,6.59,0,134.43,0.0,0.0,2941.31,tp 134.430,145398.11999999997
581,2022.12.05 15:52,Sell Close,4.18,0,135.601,0.0,0.0,2882.21,tp 135.600,148280.32999999996
583,2022.12.14 12:00,Buy Close,6.95,0,134.788,0.0,0.0,2980.31,tp 134.788,151260.63999999996
585,2022.12.15 11:08,Sell Close,4.07,0,136.73,0.0,0.0,2976.67,tp 136.730,154237.30999999997
587,2022.12.16 16:14,Buy Close,7.12,0,137.236,0.0,0.0,-1540.88,sl 137.235,152696.42999999996
589,2022.12.23 15:32,Buy Close,2.46,0,132.906,0.0,-5.58,-1578.85,sl 132.904,151111.99999999997
591,2022.12.26 11:30,Buy Close,7.22,0,132.945,0.0,0.0,-1531.49,sl 132.941,149580.50999999998
593,2022.12.27 10:10,Buy Close,9.65,0,132.988,0.0,0.0,-1502.05,sl 132.987,148078.46
595,2022.12.28 17:54,Buy Close,4.76,0,134.211,0.0,0.0,-1471.86,sl 134.209,146606.6
597,2022.12.30 10:21,Buy Close,5.9,0,131.772,0.0,0.0,2990.92,tp 131.774,149597.52000000002
599,2022.12.30 17:24,Buy Close,3.83,0,132.114,0.0,0.0,-1490.09,sl 132.114,148107.43000000002
601,2023.01.02 11:32,Sell Close,31.55,0,130.905,0.0,0.0,-1542.49,sl 130.907,146564.94000000003
603,2023.01.04 16:32,Buy Close,4.99,0,130.995,0.0,0.0,-1462.77,sl 130.995,145102.17000000004
605,2023.01.06 07:45,Sell Close,2.66,0,134.061,0.0,-0.2,2829.43,tp 134.061,147931.40000000005
607,2023.01.12 04:48,Sell Close,3.56,0,131.484,0.0,-1.08,-1516.23,sl 131.487,146414.09000000005
609,2023.01.13 10:12,Buy Close,5.05,0,128.159,0.0,0.0,3002.6,tp 128.159,149416.69000000006
611,2023.01.16 10:28,Buy Close,2.88,0,128.833,0.0,-1.35,-1484.34,sl 128.833,147931.00000000006
613,2023.02.06 00:02,Buy Close,0.94,0,132.393,0.0,-8.26,-2264.92,sl 131.229,145657.82000000007
615,2023.02.07 17:46,Sell Close,3.77,0,131.587,0.0,-0.28,-1466.89,sl 131.588,144190.65000000005
617,2023.02.09 15:17,Sell Close,2.7800000000000002,0,130.649,0.0,-0.63,-1451.19,sl 130.649,142738.83000000005
619,2023.02.09 20:54,Buy Close,2.36,0,131.443,0.0,0.0,-1425.59,sl 131.436,141313.24000000005
621,2023.02.10 09:20,Buy Close,5.36,0,130.769,0.0,0.0,2836.39,tp 130.769,144149.63000000006
623,2023.02.13 10:24,Sell Close,3.13,0,132.388,0.0,-0.24,2848.94,tp 132.387,146998.33000000007
625,2023.02.14 15:30,Sell Close,6.17,0,132.777,0.0,0.0,2932.19,tp 132.776,149930.52000000008
627,2023.02.21 02:01,Buy Close,5.29,0,134.369,0.0,-2.36,-1480.28,sl 134.369,148447.88000000006
629,2023.02.22 11:20,Buy Close,6.6,0,134.967,0.0,0.0,-1476.81,sl 134.967,146971.07000000007
631,2023.02.23 15:31,Sell Close,10.33,0,135.282,0.0,0.0,2932.19,tp 135.282,149903.26000000007
633,2023.02.24 09:57,Buy Close,8.04,0,134.823,0.0,0.0,-1502.77,sl 134.823,148400.49000000008
635,2023.03.01 08:30,Sell Close,12.19,0,136.274,0.0,0.0,-1475.96,sl 136.275,146924.5300000001
637,2023.03.03 13:47,Buy Close,9.1,0,136.055,0.0,0.0,2942.93,tp 136.055,149867.46000000008
639,2023.03.08 16:17,Buy Close,6.86,0,136.842,0.0,0.0,2987.8,tp 136.844,152855.26000000007
641,2023.03.10 15:31,Sell Close,2.71,0,136.092,0.0,0.0,-1533.3,sl 136.092,151321.96000000008
643,2023.03.14 15:32,Buy Close,1.96,0,134.725,0.0,-0.88,-1527.56,sl 134.725,149793.52000000008
645,2023.03.16 10:25,Sell Close,3.62,0,132.561,0.0,0.0,-1518.33,sl 132.561,148275.1900000001
647,2023.03.21 12:42,Buy Close,2.86,0,132.406,0.0,-1.31,-1483.94,sl 132.406,146789.9400000001
649,2023.03.30 13:06,Buy Close,7.01,0,132.81,0.0,0.0,-1462.07,sl 132.810,145327.87000000008
651,2023.03.31 21:52,Sell Close,3.18,0,132.685,0.0,0.0,-1457.17,sl 132.687,143870.70000000007
653,2023.04.06 15:30,Sell Close,6.42,0,130.999,0.0,0.0,-1465.34,sl 131.001,142405.36000000007
655,2023.04.14 14:07,Buy Close,7.64,0,132.642,0.0,0.0,-1405.41,sl 132.642,140999.95000000007
657,2023.05.04 10:21,Buy Close,8.27,0,134.625,0.0,0.0,-1388.32,sl 134.625,139611.63000000006
659,2023.05.05 15:25,Buy Close,6.85,0,134.309,0.0,0.0,-1397.45,sl 134.309,138214.18000000005
661,2023.05.10 15:30,Sell Close,8.14,0,135.065,0.0,0.0,-1374.09,sl 135.065,136840.09000000005
663,2023.05.11 15:30,Sell Close,6.14,0,134.009,0.0,0.0,-1379.12,sl 134.009,135460.97000000006
665,2023.05.12 14:58,Sell Close,10.02,0,134.946,0.0,0.0,2710.2,tp 134.943,138171.17000000007
667,2023.05.16 15:32,Buy Close,9.76,0,136.097,0.0,0.0,-1369.73,sl 136.097,136801.44000000006
669,2023.05.17 09:00,Sell Close,10.45,0,136.842,0.0,0.0,2764.43,tp 136.836,139565.87000000005
671,2023.05.19 16:01,Buy Close,7.2,0,138.594,0.0,0.0,-1376.68,sl 138.594,138189.19000000006
673,2023.05.24 09:47,Buy Close,8.94,0,138.635,0.0,0.0,-1380.0,sl 138.635,136809.19000000006
675,2023.06.05 09:09,Buy Close,7.58,0,140.238,0.0,0.0,-1351.27,sl 140.238,135457.92000000007
677,2023.06.05 17:00,Buy Close,7.06,0,139.583,0.0,0.0,2721.16,tp 139.583,138179.08000000007
679,2023.06.13 15:30,Buy Close,7.3,0,139.651,0.0,0.0,-1427.06,sl 139.642,136752.02000000008
681,2023.06.14 16:39,Buy Close,7.04,0,139.46,0.0,0.0,2736.04,tp 139.460,139488.06000000008
683,2023.06.22 16:08,Sell Close,3.66,0,142.384,0.0,-1.55,2735.03,tp 142.382,142221.5400000001
685,2023.06.23 17:00,Buy Close,3.85,0,143.319,0.0,0.0,-1410.32,sl 143.319,140811.2200000001
687,2023.06.26 17:43,Buy Close,6.07,0,143.669,0.0,0.0,-1444.95,sl 143.659,139366.27000000008
689,2023.06.29 09:29,Sell Close,6.88,0,144.645,0.0,-1.43,2782.54,tp 144.642,142147.38000000006
691,2023.07.05 09:12,Buy Close,8.35,0,144.676,0.0,-3.4699999999999998,-1419.79,sl 144.676,140724.12000000005
693,2023.07.07 10:34,Buy Close,6.87,0,143.217,0.0,0.0,2839.77,tp 143.217,143563.89000000004
695,2023.07.17 11:37,Sell Close,6.36,0,138.374,0.0,0.0,-1484.59,sl 138.374,142079.30000000005
697,2023.07.27 15:30,Buy Close,2.9699999999999998,0,140.484,0.0,0.0,-1397.43,sl 140.484,140681.87000000005
699,2023.07.27 20:06,Sell Close,2.93,0,139.811,0.0,0.0,-1410.4,sl 139.811,139271.47000000006
701,2023.08.01 15:23,Sell Close,1.26,0,143.181,0.0,-0.18,2716.58,tp 143.180,141987.87000000005
703,2023.08.02 11:02,Sell Close,3.07,0,142.523,0.0,-0.21,-1425.97,sl 142.523,140561.69000000006
705,2023.08.03 08:18,Sell Close,8.86,0,143.869,0.0,0.0,2789.75,tp 143.868,143351.44000000006
707,2023.08.04 15:30,Sell Close,5.45,0,142.346,0.0,0.0,-1447.25,sl 142.346,141904.19000000006
709,2023.08.14 16:38,Sell Close,8.52,0,145.453,0.0,0.0,2776.48,tp 145.453,144680.67000000007
711,2023.08.15 09:15,Buy Close,9.18,0,145.549,0.0,0.0,-1444.34,sl 145.549,143236.33000000007
713,2023.08.16 15:25,Buy Close,5.66,0,145.821,0.0,-2.33,-1428.38,sl 145.821,141805.62000000008
715,2023.08.17 13:42,Buy Close,13.34,0,146.034,0.0,0.0,2831.81,tp 146.034,144637.43000000008
717,2023.08.24 15:37,Sell Close,5.15,0,145.833,0.0,0.0,2899.31,tp 145.832,147536.74000000008
719,2023.08.28 11:11,Buy Close,13.61,0,146.554,0.0,0.0,-1467.3,sl 146.554,146069.4400000001
721,2023.08.29 14:17,Sell Close,11.63,0,146.864,0.0,0.0,2914.15,tp 146.864,148983.59000000008
723,2023.09.07 03:25,Buy Close,5.71,0,147.779,0.0,-6.96,-1483.73,sl 147.778,147492.90000000008
725,2023.09.08 03:35,Buy Close,6.98,0,146.87,0.0,-2.84,2965.56,tp 146.870,150455.62000000008
727,2023.09.11 00:04,Sell Close,5.06,0,146.899,0.0,-0.34,-1525.93,sl 146.906,148929.3500000001
729,2023.09.15 11:45,Sell Close,13.85,0,147.818,0.0,0.0,2970.17,tp 147.817,151899.5200000001
731,2023.09.19 08:35,Buy Close,17.96,0,147.801,0.0,-7.3,-1518.93,sl 147.801,150373.2900000001
733,2023.09.20 10:40,Sell Close,15.54,0,148.135,0.0,0.0,3010.75,tp 148.134,153384.0400000001
735,2023.09.21 17:10,Buy Close,8.54,0,147.655,0.0,0.0,3082.74,tp 147.656,156466.7800000001
737,2023.09.22 17:03,Sell Close,10.74,0,148.128,0.0,0.0,-1566.1,sl 148.129,154900.68000000008
739,2023.09.25 16:05,Sell Close,14.34,0,148.761,0.0,0.0,3084.68,tp 148.761,157985.36000000007
741,2023.09.29 09:43,Buy Close,10.08,0,148.858,0.0,-4.05,3155.54,tp 148.858,161136.85000000006
743,2023.10.03 14:26,Sell Close,7.11,0,149.957,0.0,-0.95,3195.68,tp 149.957,164331.58000000007
745,2023.10.09 15:50,Sell Close,18.66,0,149.077,0.0,0.0,-1664.76,sl 149.078,162666.82000000007
747,2023.10.16 09:33,Buy Close,20.72,0,149.522,0.0,0.0,-1635.18,sl 149.521,161031.64000000007
749,2023.10.17 13:13,Sell Close,13.01,0,149.405,0.0,-0.87,-1619.66,sl 149.406,159411.11000000007
751,2023.10.18 17:44,Buy Close,14.97,0,149.823,0.0,0.0,-1588.69,sl 149.823,157822.42000000007
753,2023.10.19 11:24,Buy Close,21.3,0,149.839,0.0,0.0,-1577.89,sl 149.839,156244.53000000006
755,2023.10.23 12:59,Buy Close,18.29,0,149.986,0.0,-7.32,-1560.89,sl 149.986,154676.32000000007
757,2023.10.26 09:47,Sell Close,5.99,0,150.034,0.0,0.0,-1553.05,sl 150.036,153123.27000000008
759,2023.10.30 08:50,Buy Close,6.45,0,149.454,0.0,-5.16,3072.78,tp 149.454,156190.89000000007
761,2023.10.30 13:09,Buy Close,7.53,0,149.757,0.0,0.0,-1563.75,sl 149.756,154627.14000000007
763,2023.11.13 05:00,Sell Close,15.64,0,151.678,0.0,-1.03,3052.15,tp 151.678,157678.26000000007
765,2023.11.13 17:01,Sell Close,15.53,0,151.691,0.0,0.0,-1576.64,sl 151.691,156101.62000000005
767,2023.11.14 15:30,Buy Close,21.33,0,151.421,0.0,0.0,3141.3,tp 151.422,159242.92000000004
769,2023.11.15 10:45,Sell Close,12.42,0,150.508,0.0,0.0,-1600.9,sl 150.508,157642.02000000005
771,2023.11.16 11:16,Sell Close,11.98,0,151.162,0.0,0.0,-1577.13,sl 151.163,156064.89000000004
773,2023.11.22 10:26,Sell Close,6.12,0,149.169,0.0,0.0,3159.1,tp 149.169,159223.99000000005
775,2023.11.28 18:39,Buy Close,5.89,0,147.487,0.0,0.0,3218.82,tp 147.487,162442.81000000006
777,2023.11.30 16:42,Sell Close,4.52,0,148.387,0.0,-0.92,3231.9,tp 148.386,165673.79000000007
779,2023.12.01 17:01,Sell Close,4.71,0,147.663,0.0,0.0,-1668.21,sl 147.665,164005.58000000007
781,2023.12.05 17:40,Buy Close,9.35,0,147.277,0.0,0.0,-1644.28,sl 147.277,162361.30000000008
783,2023.12.11 09:57,Sell Close,2.13,0,146.418,0.0,-0.15,3257.16,tp 146.417,165618.31000000008
785,2023.12.14 15:30,Buy Close,2.95,0,142.171,0.0,0.0,-1703.55,sl 142.171,163914.7600000001
787,2023.12.15 15:34,Buy Close,4.29,0,142.136,0.0,0.0,-1644.94,sl 142.134,162269.8200000001
789,2023.12.18 16:14,Sell Close,7.63,0,142.996,0.0,0.0,3297.53,tp 142.982,165567.3500000001
791,2023.12.27 02:22,Sell Close,12.26,0,142.744,0.0,-0.86,3392.58,tp 142.735,168959.0700000001
793,2023.12.27 17:17,Sell Close,7.8,0,142.43,0.0,0.0,-1703.15,sl 142.432,167255.9200000001
795,2023.12.27 18:19,Buy Close,10.4,0,141.972,0.0,0.0,3355.03,tp 141.972,170610.9500000001
797,2023.12.29 10:54,Buy Close,9.2,0,141.533,0.0,0.0,-1742.07,sl 141.528,168868.8800000001
799,2024.01.03 11:17,Sell Close,8.44,0,142.713,0.0,0.0,3400.53,tp 142.704,172269.4100000001
801,2024.01.09 17:44,Buy Close,5.51,0,144.191,0.0,0.0,-1704.31,sl 144.191,170565.1000000001
803,2024.01.11 14:45,Sell Close,9.79,0,145.329,0.0,0.0,-1697.58,sl 145.330,168867.5200000001
805,2024.01.24 09:06,Sell Close,5.47,0,147.701,0.0,-0.37,-1696.17,sl 147.711,167170.9800000001
807,2024.01.26 15:30,Sell Close,7.59,0,147.503,0.0,0.0,-1672.34,sl 147.503,165498.6400000001
809,2024.01.30 10:11,Buy Close,12.78,0,147.489,0.0,0.0,-1707.02,sl 147.483,163791.6200000001
811,2024.01.31 16:53,Buy Close,5.64,0,146.6,0.0,0.0,3293.21,tp 146.600,167084.8300000001
813,2024.02.05 10:26,Buy Close,10.16,0,148.551,0.0,0.0,-1655.14,sl 148.550,165429.6900000001
815,2024.02.09 09:20,Sell Close,11.75,0,149.214,0.0,0.0,-1645.79,sl 149.214,163783.90000000008
817,2024.02.12 16:15,Buy Close,19.24,0,149.249,0.0,0.0,-1637.18,sl 149.249,162146.7200000001
819,2024.02.13 15:30,Sell Close,8.17,0,149.262,0.0,0.0,-1631.13,sl 149.264,160515.59000000008
821,2024.02.16 17:47,Sell Close,14.01,0,150.136,0.0,0.0,-1595.69,sl 150.136,158919.90000000008
823,2024.02.19 15:01,Buy Close,18.35,0,150.036,0.0,0.0,-1589.95,sl 150.036,157329.95000000007
825,2024.02.27 09:36,Sell Close,14.75,0,150.359,0.0,-0.98,-1589.2,sl 150.361,155739.77000000008
827,2024.02.29 03:35,Sell Close,9.04,0,150.369,0.0,-1.8,-1563.09,sl 150.370,154174.88000000006
829,2024.03.07 08:34,Buy Close,4.84,0,148.373,0.0,-5.83,3125.04,tp 148.373,157294.09000000005
831,2024.03.08 11:36,Buy Close,7.38,0,147.136,0.0,0.0,3174.98,tp 147.137,160469.07000000007
833,2024.03.11 16:12,Buy Close,10.35,0,147.087,0.0,0.0,-1604.36,sl 147.087,158864.71000000008
835,2024.03.14 17:14,Sell Close,4.2,0,148.2,0.0,-1.42,3154.25,tp 148.199,162017.54000000007
837,2024.03.20 06:06,Sell Close,6.88,0,151.391,0.0,-0.46,3172.08,tp 151.391,165189.16000000006
839,2024.04.10 15:32,Sell Close,3.74,0,152.341,0.0,-4.48,3274.99,tp 152.341,168459.67000000007
841,2024.04.12 15:37,Sell Close,8.41,0,152.964,0.0,0.0,-1687.89,sl 152.966,166771.78000000006
843,2024.04.17 17:22,Buy Close,21.99,0,154.712,0.0,0.0,-1648.77,sl 154.712,165123.01000000007
845,2024.04.24 20:29,Sell Close,7.86,0,155.183,0.0,-1.53,3302.37,tp 155.181,168423.85000000006
847,2024.04.26 10:25,Sell Close,6.32,0,156.772,0.0,0.0,3329.88,tp 156.772,171753.73000000007
849,2024.04.29 07:16,Sell Close,1.58,0,157.705,0.0,0.0,-1704.18,sl 157.708,170049.55000000008
851,2024.04.29 19:45,Sell Close,2.54,0,155.459,0.0,0.0,-1723.73,sl 155.460,168325.82000000007
853,2024.05.06 18:20,Buy Close,8.15,0,153.978,0.0,0.0,-1720.21,sl 153.974,166605.61000000007
855,2024.05.09 09:48,Sell Close,4.25,0,155.784,0.0,-1.09,3290.13,tp 155.784,169894.65000000008
857,2024.05.09 21:51,Sell Close,7.39,0,155.429,0.0,0.0,-1702.14,sl 155.429,168192.51000000007
859,2024.05.13 17:32,Buy Close,16.03,0,155.925,0.0,0.0,-1675.74,sl 155.925,166516.77000000008
861,2024.05.17 04:10,Sell Close,3.77,0,155.697,0.0,-0.24,3348.75,tp 155.690,169865.2800000001
863,2024.05.17 18:03,Buy Close,12.9,0,155.3,0.0,0.0,3430.59,tp 155.303,173295.87000000008
865,2024.05.21 16:54,Sell Close,8.46,0,156.081,0.0,0.0,-1723.64,sl 156.081,171572.23000000007
867,2024.05.24 15:30,Buy Close,22.5,0,157.116,0.0,0.0,-1718.48,sl 157.115,169853.75000000006
869,2024.05.27 23:58,Buy Close,19.91,0,156.953,0.0,0.0,-1737.89,sl 156.950,168115.86000000004
871,2024.05.29 16:46,Buy Close,14.49,0,157.386,0.0,0.0,-1675.61,sl 157.386,166440.25000000006
873,2024.05.31 10:33,Buy Close,5.0,0,157.088,0.0,-1.9100000000000001,-1667.85,sl 157.087,164770.49000000005
875,2024.06.03 18:09,Buy Close,5.65,0,156.086,0.0,0.0,3315.74,tp 156.086,168086.23000000004
877,2024.06.06 19:35,Sell Close,5.76,0,155.891,0.0,0.0,-1684.87,sl 155.892,166401.36000000004
879,2024.06.11 03:29,Buy Close,8.44,0,157.187,0.0,-3.23,-1664.51,sl 157.184,164733.62000000005
881,2024.06.12 15:30,Sell Close,12.44,0,156.696,0.0,0.0,-4152.07,sl 157.011,160581.55000000005
883,2024.06.17 10:28,Buy Close,12.27,0,157.529,0.0,0.0,-1596.75,sl 157.529,158984.80000000005
885,2024.06.20 11:52,Sell Close,14.39,0,158.444,0.0,0.0,3178.73,tp 158.442,162163.53000000006
887,2024.06.21 16:45,Buy Close,8.82,0,159.134,0.0,0.0,-1718.17,sl 159.115,160445.36000000004
889,2024.06.24 13:05,Buy Close,14.67,0,159.294,0.0,0.0,3223.29,tp 159.296,163668.65000000005
891,2024.07.01 17:50,Sell Close,10.34,0,161.593,0.0,0.0,3224.99,tp 161.593,166893.64000000004
893,2024.07.05 15:30,Buy Close,7.45,0,160.461,0.0,-2.77,3380.01,tp 160.465,170270.88000000003
895,2024.07.05 15:37,Buy Close,6.86,0,160.861,0.0,0.0,-1731.41,sl 160.853,168539.47000000003
897,2024.07.09 05:10,Buy Close,6.17,0,161.102,0.0,-2.3,-1688.97,sl 161.100,166848.20000000004
899,2024.07.12 16:09,Buy Close,5.9,0,157.94,0.0,0.0,3436.75,tp 157.950,170284.95000000004
901,2024.07.18 22:08,Sell Close,6.87,0,157.368,0.0,0.0,3422.6,tp 157.366,173707.55000000005
903,2024.07.22 08:24,Sell Close,4.96,0,157.144,0.0,-0.32,-1748.61,sl 157.147,171958.62000000005
905,2024.07.26 17:18,Sell Close,4.09,0,153.43,0.0,0.0,-1759.37,sl 153.430,170199.25000000006
907,2024.07.30 18:04,Buy Close,7.21,0,153.926,0.0,0.0,3438.11,tp 153.936,173637.36000000004
909,2024.08.06 02:08,Sell Close,2.16,0,145.453,0.0,-0.15,3673.93,tp 145.453,177311.14000000004
911,2024.08.06 16:21,Sell Close,1.5899999999999999,0,144.301,0.0,0.0,-1783.92,sl 144.306,175527.22000000003
913,2024.08.23 21:10,Sell Close,0.88,0,144.236,0.0,-1.08,-1756.51,sl 144.237,173769.63000000003
915,2024.08.30 13:59,Sell Close,12.4,0,145.294,0.0,0.0,3456.44,tp 145.293,177226.07000000004
917,2024.09.04 10:02,Buy Close,5.2,0,144.8,0.0,-2.14,3555.25,tp 144.800,180779.18000000002
919,2024.09.05 02:36,Buy Close,3.48,0,143.289,0.0,-4.36,3657.56,tp 143.293,184432.38000000003
921,2024.09.12 15:30,Sell Close,4.46,0,142.242,0.0,0.0,-1909.52,sl 142.259,182522.86000000004
923,2024.09.30 15:17,Buy Close,3.39,0,142.847,0.0,0.0,-1822.59,sl 142.844,180700.27000000005
925,2024.10.02 16:34,Sell Close,3.6,0,145.572,0.0,0.0,3546.29,tp 145.572,184246.56000000006
927,2024.10.04 15:30,Buy Close,4.71,0,146.981,0.0,0.0,-1941.92,sl 146.944,182304.64000000004
929,2024.10.14 15:19,Sell Close,12.75,0,149.776,0.0,0.0,3575.34,tp 149.776,185879.98000000004
931,2024.10.22 17:42,Buy Close,10.05,0,151.026,0.0,0.0,-1863.26,sl 151.023,184016.72000000003
933,2024.10.25 08:13,Buy Close,6.49,0,151.538,0.0,-2.56,3674.6,tp 151.540,187688.76000000004
935,2024.10.25 12:29,Buy Close,5.37,0,152.063,0.0,0.0,-1868.13,sl 152.063,185820.63000000003
937,2024.10.28 14:19,Buy Close,5.96,0,152.426,0.0,0.0,3718.5,tp 152.429,189539.13000000003
939,2024.11.11 04:33,Buy Close,4.57,0,153.369,0.0,-1.8,-1889.16,sl 153.367,187648.17000000004
941,2024.11.13 15:30,Sell Close,7.12,0,154.53,0.0,0.0,-1893.69,sl 154.537,185754.48000000004
943,2024.11.15 10:01,Buy Close,10.32,0,155.718,0.0,0.0,3698.07,tp 155.720,189452.55000000005
945,2024.11.18 10:55,Buy Close,5.7,0,154.926,0.0,0.0,-1902.13,sl 154.926,187550.42000000004
947,2024.11.20 11:19,Sell Close,3.63,0,155.814,0.0,-0.23,3727.52,tp 155.814,191277.71000000005
949,2024.11.22 07:55,Buy Close,4.85,0,154.714,0.0,-1.88,-1927.91,sl 154.713,189347.92000000004
951,2024.11.29 01:19,Sell Close,7.74,0,151.338,0.0,-0.51,-1953.69,sl 151.342,187393.72000000003
953,2024.12.09 10:31,Sell Close,13.56,0,150.462,0.0,0.0,3776.13,tp 150.461,191169.85000000003
955,2024.12.18 14:56,Buy Close,6.99,0,153.748,0.0,0.0,-1868.57,sl 153.748,189301.28000000003
957,2024.12.20 15:32,Sell Close,4.37,0,156.4,0.0,-0.28,-1860.88,sl 156.400,187440.12000000002
959,2024.12.24 02:21,Sell Close,8.99,0,157.315,0.0,-0.57,3725.95,tp 157.315,191165.50000000003
961,2024.12.26 15:32,Sell Close,10.85,0,157.739,0.0,-2.76,3817.54,tp 157.738,194980.28000000003
963,2024.12.30 16:44,Sell Close,7.08,0,157.306,0.0,-0.9,-1962.34,sl 157.308,193017.04000000004
965,2025.01.03 17:15,Buy Close,11.04,0,157.459,0.0,0.0,-1935.13,sl 157.458,191081.91000000003
967,2025.01.06 12:26,Buy Close,12.53,0,157.807,0.0,0.0,-1913.56,sl 157.806,189168.35000000003
969,2025.01.07 17:05,Buy Close,5.57,0,158.317,0.0,0.0,-1885.79,sl 158.316,187282.56000000003
971,2025.01.10 17:17,Sell Close,3.92,0,157.562,0.0,-1.24,-1878.37,sl 157.562,185402.95000000004
973,2025.01.13 10:35,Buy Close,7.89,0,157.653,0.0,0.0,-1861.73,sl 157.651,183541.22000000003
975,2025.01.14 11:01,Buy Close,7.49,0,157.748,0.0,0.0,-1832.76,sl 157.748,181708.46000000002
977,2025.01.17 18:23,Sell Close,11.32,0,156.315,0.0,0.0,3671.59,tp 156.314,185380.05000000002
979,2025.01.24 05:41,Sell Close,6.83,0,155.629,0.0,-1.75,-1865.17,sl 155.630,183513.13
981,2025.02.03 13:36,Buy Close,6.9399999999999995,0,154.636,0.0,0.0,3689.1,tp 154.636,187202.23
983,2025.02.04 17:00,Sell Close,5.73,0,154.822,0.0,0.0,-1887.52,sl 154.827,185314.71000000002
985,2025.02.05 03:05,Buy Close,4.99,0,153.673,0.0,-1.94,3730.98,tp 153.674,189043.75000000003
987,2025.02.06 16:36,Sell Close,4.95,0,151.934,0.0,0.0,-1909.18,sl 151.934,187134.57000000004
989,2025.02.11 13:34,Buy Close,5.63,0,152.307,0.0,-2.22,-1870.42,sl 152.306,185261.93000000002
991,2025.02.13 16:12,Buy Close,7.9399999999999995,0,153.423,0.0,0.0,3679.59,tp 153.424,188941.52000000002
993,2025.02.17 04:52,Buy Close,5.98,0,151.551,0.0,-2.36,3827.49,tp 151.553,192766.65000000002
995,2025.02.18 23:26,Buy Close,9.45,0,152.102,0.0,0.0,-1919.8,sl 152.102,190846.85000000003
997,2025.02.21 18:23,Buy Close,7.42,0,149.475,0.0,0.0,3901.74,tp 149.479,194748.59000000003
999,2025.02.26 14:57,Buy Close,7.64,0,149.632,0.0,0.0,-1955.54,sl 149.630,192793.05000000002
1001,2025.02.27 16:34,Sell Close,9.1,0,150.025,0.0,0.0,3845.63,tp 150.025,196638.68000000002
1003,2025.03.04 11:25,Sell Close,4.6899999999999995,0,148.839,0.0,0.0,-1982.01,sl 148.840,194656.67
1005,2025.03.05 16:03,Buy Close,7.24,0,148.894,0.0,0.0,3890.02,tp 148.894,198546.69
1007,2025.03.06 10:22,Buy Close,7.9,0,148.183,0.0,0.0,3987.77,tp 148.183,202534.46
1009,2025.03.11 14:57,Buy Close,6.48,0,147.792,0.0,-2.64,-2030.04,sl 147.792,200501.78
1011,2025.03.17 06:55,Buy Close,6.34,0,148.984,0.0,-2.56,-1987.31,sl 148.984,198511.91
1013,2025.03.24 15:45,Buy Close,11.55,0,149.914,0.0,0.0,-1995.44,sl 149.911,196516.47
1015,2025.03.28 16:07,Buy Close,13.03,0,150.253,0.0,0.0,3919.76,tp 150.253,200436.23
1017,2025.04.09 20:21,Buy Close,2.79,0,145.774,0.0,0.0,-2065.12,sl 145.772,198371.11000000002
1019,2025.04.10 18:23,Buy Close,2.65,0,144.495,0.0,0.0,3992.56,tp 144.496,202363.67
1021,2025.04.11 10:33,Sell Close,3.21,0,142.878,0.0,0.0,-2046.72,sl 142.880,200316.95
1023,2025.04.16 10:48,Sell Close,2.46,0,142.066,0.0,-0.51,-2010.38,sl 142.067,198306.06
1025,2025.04.17 10:58,Buy Close,5.78,0,142.908,0.0,-7.33,-1969.7,sl 142.908,196329.03
1027,2025.04.21 00:06,Buy Close,24.82,0,142.066,0.0,-10.47,3983.33,tp 142.068,200301.88999999998
1029,2025.04.22 21:42,Sell Close,6.79,0,141.419,0.0,0.0,4023.52,tp 141.419,204325.40999999997
1031,2025.04.23 16:37,Buy Close,4.88,0,142.249,0.0,0.0,-2041.21,sl 142.246,202284.19999999998
1033,2025.04.28 15:21,Sell Close,5.52,0,143.218,0.0,-0.38,-2008.07,sl 143.218,200275.74999999997
1035,2025.05.01 06:08,Sell Close,5.93,0,143.405,0.0,-1.6600000000000001,4002.82,tp 143.403,204276.90999999997
1037,2025.05.01 17:48,Sell Close,3.55,0,145.347,0.0,0.0,4032.45,tp 145.346,208309.36
1039,2025.05.08 08:10,Buy Close,7.72,0,143.948,0.0,0.0,-2107.68,sl 143.947,206201.68
1041,2025.05.12 10:27,Sell Close,5.04,0,147.474,0.0,0.0,4025.88,tp 147.472,210227.56
1043,2025.05.20 08:00,Sell Close,8.68,0,144.692,0.0,-0.6,-2159.62,sl 144.695,208067.34
1045,2025.05.29 02:36,Sell Close,5.48,0,145.641,0.0,-1.1400000000000001,4131.42,tp 145.641,212197.62
1047,2025.06.10 17:33,Buy Close,9.78,0,144.763,0.0,0.0,-2134.85,sl 144.763,210062.77
1049,2025.06.11 15:30,Sell Close,9.47,0,144.835,0.0,0.0,-2098.85,sl 144.835,207963.91999999998
1051,2025.06.16 21:21,Buy Close,9.15,0,144.481,0.0,0.0,-2089.89,sl 144.480,205874.02999999997
1053,2025.06.17 17:30,Buy Close,4.78,0,145.016,0.0,0.0,-2050.23,sl 145.015,203823.79999999996
1055,2025.06.20 17:14,Sell Close,13.19,0,145.855,0.0,0.0,4051.37,tp 145.855,207875.16999999995
1057,2025.07.07 05:26,Buy Close,8.86,0,144.672,0.0,-3.68,-2094.48,sl 144.672,205777.00999999995
1059,2025.07.09 04:10,Sell Close,8.43,0,146.998,0.0,-0.58,4054.48,tp 146.997,209830.90999999995
1061,2025.07.15 02:03,Sell Close,9.01,0,147.788,0.0,-1.22,4182.25,tp 147.786,214011.93999999994
1063,2025.07.21 09:31,Buy Close,13.63,0,147.853,0.0,0.0,4305.09,tp 147.856,218317.02999999994
1065,2025.07.22 13:00,Sell Close,11.65,0,147.403,0.0,0.0,-2197.17,sl 147.404,216119.85999999993
1067,2025.07.31 10:38,Buy Close,4.38,0,149.465,0.0,0.0,-2130.44,sl 149.465,213989.41999999993
1069,2025.08.21 09:45,Buy Close,9.03,0,147.583,0.0,-11.03,-2165.98,sl 147.583,211812.40999999992
1071,2025.08.22 17:00,Buy Close,22.32,0,148.3,0.0,0.0,4364.67,tp 148.310,216177.07999999993
1073,2025.08.25 16:06,Buy Close,10.24,0,147.507,0.0,0.0,-2172.86,sl 147.507,214004.21999999994
1075,2025.08.26 19:23,Sell Close,4.38,0,147.103,0.0,0.0,-2143.8,sl 147.103,211860.41999999995
1077,2025.09.09 02:27,Buy Close,8.13,0,147.236,0.0,-3.31,4229.66,tp 147.236,216086.76999999996
1079,2025.09.16 09:12,Buy Close,13.53,0,146.901,0.0,-5.51,4328.83,tp 146.901,220410.08999999997
1081,2025.09.18 15:35,Sell Close,11.36,0,147.627,0.0,0.0,4401.58,tp 147.625,224811.66999999995
1083,2025.09.25 15:51,Sell Close,5.33,0,149.283,0.0,-2.15,4441.58,tp 149.283,229251.09999999995
1085,2025.10.07 19:42,Sell Close,9.17,0,151.364,0.0,0.0,4519.45,tp 151.364,233770.54999999996
1087,2025.10.09 16:07,Sell Close,9.33,0,152.469,0.0,0.0,-2392.64,sl 152.481,231377.90999999995
1089,2025.10.13 09:57,Buy Close,16.87,0,152.014,0.0,0.0,-2330.51,sl 152.013,229047.39999999994
1091,2025.10.14 07:10,Sell Close,8.79,0,151.976,0.0,-0.58,-2301.96,sl 151.978,226744.85999999993
1093,2025.10.16 19:30,Sell Close,5.66,0,150.511,0.0,0.0,-2290.16,sl 150.512,224454.69999999992
1095,2025.10.29 01:58,Sell Close,6.21,0,151.811,0.0,-0.41,-2229.38,sl 151.812,222224.90999999992
1097,2025.10.29 20:01,Buy Close,7.2,0,152.47,0.0,0.0,-2219.45,sl 152.468,220005.4599999999
1099,2025.10.30 12:40,Sell Close,6.77,0,153.942,0.0,0.0,4358.18,tp 153.941,224363.6399999999
1101,2025.11.04 07:35,Sell Close,10.4,0,153.742,0.0,-1.35,-2245.84,sl 153.742,222116.4499999999
1103,2025.11.06 17:57,Sell Close,6.76,0,153.066,0.0,-1.32,-2230.28,sl 153.066,219884.8499999999
1105,2025.11.11 10:59,Buy Close,11.18,0,154.392,0.0,0.0,-2194.12,sl 154.390,217690.7299999999
1107,2025.11.14 12:36,Buy Close,11.91,0,154.763,0.0,-4.62,-2170.17,sl 154.763,215515.9399999999
1109,2025.11.19 12:32,Sell Close,8.31,0,156.076,0.0,-0.53,4286.08,tp 156.073,219801.48999999987
